2023-09-29 19:18:11 - ********** AFH Red 12 - $0.10 / $0.25 **********
***** # Hand: 2
                           -BB
                              bb 
     Joschi-Hoshi-SB  sb                        BamBooHolder-CO
                             o 
                              DE 
|JC| |10C| 
State.DE 
[] 
2023-09-29 19:18:11 - -I- Allin: (2153, 624)
2023-09-29 19:18:14 - ********** AFH Red 09 - $0.10 / $0.25 **********
***** # Hand: 2
                       “superman 007,-CO
                          
     tonneman-BB  bb                       o  — tisten-DE
                         sb 
                          SB 
|10S| |3D| 
State.SB_DE 
[<Location.Right: 3>] 
2023-09-29 19:18:14 - -I- Fold: (1030, 623)
2023-09-29 19:18:19 - ********** AFH Red 16 - $0.10 / $0.25 **********
***** # Hand: 1
                            Joschi-Hoshi-SB
                               o 
     TAMROY WINNER-XX                         AAANaster27-XX
                              bb 
                               BB 
|8D| |5H| 
State.BB_SB 
[<Location.Top: 2>] 
2023-09-29 19:18:19 - -I- Fold: (1021, 1313)
2023-09-29 19:18:26 - ********** AFH Red 09 - $0.10 / $0.25 **********
***** # Hand: 3
                       superman 007-BB
                          bb 
     tonneman-SB  sb                        tisten-CO
                         o 
                          DE 
|AD| |4D| 
State.DE 
[] 
2023-09-29 19:18:26 - -I- Allin: (1203, 622)
2023-09-29 19:18:27 - ********** AFH Red 12 - $0.10 / $0.25 **********
***** # Hand: 3
                           -SB
                              sb 
     Joschi-Hoshi-DE  o                       bb  BamBooHolder-BB
                             
                              CO 
|7D| |3S| 
State.CO 
[] 
2023-09-29 19:18:27 - -I- Fold: (2003, 621)
2023-09-29 19:18:31 - ********** AFH Red 16 - $0.10 / $0.25 **********
***** # Hand: 2
                            Joschi-Hoshi-SB
                               sb 
     TAMROY WINNER-XX                        bb  AAANaster27-BB
                              o 
                               DE 
|QS| |2D| 
State.DE 
[] 
2023-09-29 19:18:31 - -I- Fold: (1013, 1312)
2023-09-29 19:18:46 - ********** AFH Red 09 - $0.10 / $0.25 **********
***** # Hand: 4
                       superman 007-SB
                          sb 
     tonneman-DE  o                       bb  — tisten-BB
                         
                          CO 
|9D| |5D| 
State.CO 
[] 
2023-09-29 19:18:46 - -I- Fold: (1032, 624)
2023-09-29 19:18:54 - ********** AFH Red 12 - $0.10 / $0.25 **********
***** # Hand: 4
                           -DE
                              o 
     Joschi-Hoshi-CO                        sb  BamBooHolder-SB
                             bb 
                              BB 
|JC| |7H| 
State.BB_CO_DE 
[<Location.Top: 2>, <Location.Left: 1>] 
2023-09-29 19:18:54 - -I- Fold: (1974, 626)
2023-09-29 19:19:14 - ********** AFH Red 12 - $0.10 / $0.25 **********
***** # Hand: 5
                           jmst!-CO
                              
     Joschi-Hoshi-BB  bb                       o  BamBooHolder-DE
                             sb 
                              SB 
|7H| |5C| 
State.SB_DE 
[<Location.Right: 3>] 
2023-09-29 19:19:14 - -I- Fold: (2004, 622)
2023-09-29 19:19:16 - ********** AFH Red 16 - $0.10 / $0.25 **********
***** # Hand: 4
                            -CO
                               
     TAMROY WINNER-BB  bb                       o  _AAAMaster27-DE
                              sb 
                               SB 
|AH| |KH| 
State.SB 
[] 
2023-09-29 19:19:16 - -I- Allin: (1197, 1318)
2023-09-29 19:19:20 - ********** AFH Red 09 - $0.10 / $0.25 **********
***** # Hand: 5
                       “superman 007,-DE
                          o 
     tonneman-CO                        sb  | tisten-SB
                         bb 
                          BB 
|7H| |4S| 
State.BB_CO 
[<Location.Left: 1>] 
2023-09-29 19:19:20 - -I- Fold: (1017, 623)
2023-09-29 19:19:31 - ********** AFH Red 09 - $0.10 / $0.25 **********
***** # Hand: 6
                       superman 007-BB
                          bb 
     tonneman-SB  sb                        | tisten-CO
                         o 
                          DE 
|KD| |9D| 
State.DE 
[] 
2023-09-29 19:19:31 - -I- Allin: (1178, 621)
2023-09-29 19:19:34 - ********** AFH Red 12 - $0.10 / $0.25 **********
***** # Hand: 6
                           -BB
                              bb 
     Joschi-Hoshi-SB  sb                        BamBooHolder-CO
                             o 
                              DE 
|QH| |9D| 
State.DE_CO 
[<Location.Right: 3>] 
2023-09-29 19:19:34 - -I- Fold: (1994, 620)
2023-09-29 19:19:40 - ********** AFH Red 16 - $0.10 / $0.25 **********
***** # Hand: 5
                            ~ Redna-BB
                               bb 
     TAMROY WINNER-SB  sb                        _AAAMaster27-CO
                              o 
                               DE 
|KC| |JD| 
State.DE 
[] 
2023-09-29 19:19:40 - -I- Allin: (1200, 1321)
2023-09-29 19:19:53 - ********** AFH Red 12 - $0.10 / $0.25 **********
***** # Hand: 7
                           -SB
                              sb 
     Joschi-Hoshi-DE  o                       bb  BamBooHolder-BB
                             
                              CO 
|KH| |5S| 
State.CO 
[] 
2023-09-29 19:19:53 - -I- Fold: (1978, 618)
2023-09-29 19:19:58 - ********** AFH Red 16 - $0.10 / $0.25 **********
***** # Hand: 6
                            ~ Redna-SB
                               sb 
     TAMROY WINNER-DE  o                       bb  AAANaster27-BB
                              
                               CO 
|QC| |5D| 
State.CO 
[] 
2023-09-29 19:19:58 - -I- Fold: (1043, 1316)
2023-09-29 19:19:58 - ********** AFH Red 09 - $0.10 / $0.25 **********
***** # Hand: 7
               superman 007-SB
                  o 
     -SB                         | tisten-CO
                 bb 
                  BB 
|7C| |2S| 
State.BB_SB 
[<Location.Top: 2>] 
2023-09-29 19:19:58 - -I- Fold: (1044, 613)
2023-09-29 19:20:09 - ********** AFH Red 09 - $0.10 / $0.25 **********
***** # Hand: 8
               superman 007-BB
                  bb 
     -XX                         | tisten-XX
                 sb o 
                  SB 
|AD| |7D| 
State.SB 
[] 
2023-09-29 19:20:09 - -I- Allin: (1194, 622)
2023-09-29 19:20:21 - ********** AFH Red 12 - $0.10 / $0.25 **********
***** # Hand: 9
                           jmst!-CO
                              
     Joschi-Hoshi-BB  bb                       o  BamBooHolder-DE
                             sb 
                              SB 
|7C| |2C| 
State.SB_DE 
[<Location.Right: 3>] 
2023-09-29 19:20:21 - -I- Fold: (2014, 620)
2023-09-29 19:20:21 - ********** AFH Red 16 - $0.10 / $0.25 **********
***** # Hand: 7
                            ~ Redna-DE
                               o 
     TAMROY WINNER-CO                        sb  _AAAMaster27-SB
                              bb 
                               BB 
|JC| |3H| 
State.BB_DE 
[<Location.Top: 2>] 
2023-09-29 19:20:21 - -I- Fold: (1026, 1316)
2023-09-29 19:20:30 - ********** AFH Red 09 - $0.10 / $0.25 **********
***** # Hand: 10
               superman 007-SB
                  sb 
     -XX                        bb  — tisten-BB
                 o 
                  DE 
|AS| |9D| 
State.DE 
[] 
2023-09-29 19:20:30 - -I- Allin: (1189, 627)
2023-09-29 19:20:33 - ********** AFH Red 12 - $0.10 / $0.25 **********
***** # Hand: 10
                           -BB
                              bb 
     Joschi-Hoshi-SB  sb                        BamBooHolder-CO
                             o 
                              DE 
|10D| |5C| 
State.DE 
[] 
2023-09-29 19:20:33 - -I- Fold: (2003, 614)
2023-09-29 19:20:35 - ********** AFH Red 16 - $0.10 / $0.25 **********
***** # Hand: 8
                            Redna-CO
                               
     TAMROY WINNER-BB  bb                       o  _AAAMaster27-DE
                              sb 
                               SB 
|AC| |9D| 
State.SB 
[] 
2023-09-29 19:20:35 - -I- Allin: (1194, 1319)
2023-09-29 19:20:44 - ********** AFH Red 12 - $0.10 / $0.25 **********
***** # Hand: 11
                           -SB
                              sb 
     Joschi-Hoshi-DE  o                       bb  BamBooHolder-BB
                             
                              CO 
|KC| |4C| 
State.CO 
[] 
2023-09-29 19:20:44 - -I- Fold: (2000, 623)
2023-09-29 19:20:49 - ********** AFH Red 09 - $0.10 / $0.25 **********
***** # Hand: 11
               superman 007-DE
                  o 
     -CO                        sb  tisten-SB
                 bb 
                  BB 
|10S| |4C| 
State.BB_DE 
[<Location.Top: 2>] 
2023-09-29 19:20:49 - -I- Fold: (1002, 621)
2023-09-29 19:20:55 - ********** AFH Red 16 - $0.10 / $0.25 **********
***** # Hand: 9
                            ~ Redna-BB
                               bb 
     TAMROY WINNER-SB  sb                        _AAAMaster27-CO
                              o 
                               DE 
|8S| |2C| 
State.DE 
[] 
2023-09-29 19:20:55 - -I- Fold: (1016, 1320)
2023-09-29 19:20:58 - ********** AFH Red 12 - $0.10 / $0.25 **********
***** # Hand: 12
                           jmst!-DE
                              o 
     Joschi-Hoshi-CO                         BamBooHolder-SB
                             bb 
                              BB 
|AS| |2C| 
State.BB_CO_SB 
[<Location.Right: 3>, <Location.Left: 1>] 
2023-09-29 19:20:58 - -I- Fold: (1969, 625)
2023-09-29 19:21:03 - ********** AFH Red 09 - $0.10 / $0.25 **********
***** # Hand: 12
                     superman 007-CO
                        
     Im guo-BB  bb                       o  tisten-DE
                       sb 
                        SB 
|AC| |QS| 
State.SB_CO 
[<Location.Top: 2>] 
2023-09-29 19:21:03 - -I- Allin: (1166, 623)
2023-09-29 19:21:09 - ********** AFH Red 16 - $0.10 / $0.25 **********
***** # Hand: 10
                            ~ Redna-SB
                               sb 
     TAMROY WINNER-DE  o                       bb  AAANaster27-BB
                              
                               CO 
|KD| |6H| 
State.CO 
[] 
2023-09-29 19:21:09 - -I- Fold: (1024, 1312)
2023-09-29 19:21:17 - ********** AFH Red 12 - $0.10 / $0.25 **********
***** # Hand: 13
                             jmst!-CO
                                
     ~ Joschi-Hoshi-BB  bb                       o  BamBooHolder-DE
                               sb 
                                SB 
|10S| |4D| 
State.SB_DE 
[<Location.Right: 3>] 
2023-09-29 19:21:17 - -I- Fold: (1993, 628)
2023-09-29 19:21:29 - ********** AFH Red 09 - $0.10 / $0.25 **********
***** # Hand: 13
                     superman 007-BB
                        bb 
     Im guo-SB  sb                        tisten-CO
                       o 
                        DE 
|9H| |6H| 
State.DE 
[] 
2023-09-29 19:21:29 - -I- Allin: (1202, 618)
2023-09-29 19:21:35 - ********** AFH Red 16 - $0.10 / $0.25 **********
***** # Hand: 11
                            ~ Redna-DE
                               o 
     TAMROY WINNER-CO                         AAANaster27-SB
                              bb 
                               BB 
|10H| |4H| 
State.BB_CO_DE_SB 
[<Location.Top: 2>, <Location.Right: 3>, <Location.Left: 1>] 
2023-09-29 19:21:35 - -I- Fold: (1014, 1314)
2023-09-29 19:21:36 - ********** AFH Red 12 - $0.10 / $0.25 **********
***** # Hand: 14
                           -BB
                              bb 
     Joschi-Hoshi-SB  sb                        BamBooHolder-CO
                             o 
                              DE 
|QH| |4H| 
State.DE 
[] 
2023-09-29 19:21:36 - -I- Fold: (2002, 622)
2023-09-29 19:21:40 - ********** AFH Red 09 - $0.10 / $0.25 **********
***** # Hand: 14
                     superman 007-SB
                        sb 
     Im guo-DE  o                       bb  — tisten-BB
                       
                        CO 
|KH| |JD| 
State.CO 
[] 
2023-09-29 19:21:40 - -I- Allin: (1214, 625)
2023-09-29 19:21:46 - ********** AFH Red 12 - $0.10 / $0.25 **********
***** # Hand: 15
                           -SB
                              sb 
     Joschi-Hoshi-DE  o                       bb  BamBooHolder-BB
                             
                              CO 
|10D| |7C| 
State.CO 
[] 
2023-09-29 19:21:46 - -I- Fold: (1997, 623)
2023-09-29 19:21:54 - ********** AFH Red 16 - $0.10 / $0.25 **********
***** # Hand: 12
                            Redna-CO
                               
     TAMROY WINNER-BB  bb                       o  AAANaster27-DE
                              sb 
                               SB 
|AH| |QH| 
State.SB_DE 
[<Location.Right: 3>] 
2023-09-29 19:21:54 - -I- Allin: (1200, 1315)
2023-09-29 19:22:07 - ********** AFH Red 12 - $0.10 / $0.25 **********
***** # Hand: 16
                           jmst!-DE
                              o 
     Joschi-Hoshi-CO                        sb  BamBooHolder-SB
                             bb 
                              BB 
|7C| |5D| 
State.BB_CO 
[<Location.Left: 1>] 
2023-09-29 19:22:07 - -I- Fold: (1995, 622)
2023-09-29 19:22:12 - ********** AFH Red 16 - $0.10 / $0.25 **********
***** # Hand: 13
                            ~ Redna-BB
                               bb 
     TAMROY WINNER-SB  sb                        _AAAMaster27-CO
                              o 
                               DE 
|10C| |9D| 
State.DE 
[] 
2023-09-29 19:22:12 - -I- Fold: (1027, 1322)
2023-09-29 19:22:22 - ********** AFH Red 12 - $0.10 / $0.25 **********
***** # Hand: 17
                           jmst!-CO
                              
     Joschi-Hoshi-BB  bb                       o  BamBooHolder-DE
                             sb 
                              SB 
|QD| |5C| 
State.SB_DE 
[<Location.Right: 3>] 
2023-09-29 19:22:22 - -I- Fold: (1967, 618)
2023-09-29 19:22:26 - ********** AFH Red 09 - $0.10 / $0.25 **********
***** # Hand: 16
                     “superman 007,-CO
                        
     Im guo-BB  bb                       o  — tisten-DE
                       sb 
                        SB 
|KH| |7C| 
State.SB_DE 
[<Location.Right: 3>] 
2023-09-29 19:22:26 - -I- Fold: (1023, 615)
2023-09-29 19:22:30 - ********** AFH Red 16 - $0.10 / $0.25 **********
***** # Hand: 14
                            ~ Redna-SB
                               sb 
     TAMROY WINNER-DE  o                       bb  AAANaster27-BB
                              
                               CO 
|JH| |6C| 
State.CO 
[] 
2023-09-29 19:22:30 - -I- Fold: (1031, 1314)
2023-09-29 19:22:40 - ********** AFH Red 12 - $0.10 / $0.25 **********
***** # Hand: 18
                             -BB
                                bb 
     ~ Joschi-Hoshi-SB  sb                        BamBooHolder-CO
                               o 
                                DE 
|9D| |5C| 
State.DE 
[] 
2023-09-29 19:22:40 - -I- Fold: (1995, 628)
2023-09-29 19:22:43 - ********** AFH Red 09 - $0.10 / $0.25 **********
***** # Hand: 17
               superman 007-SB
                  sb 
     -XX                        bb  — tisten-BB
                 o 
                  DE 
|KS| |7S| 
State.DE 
[] 
2023-09-29 19:22:43 - -I- Allin: (1194, 622)
2023-09-29 19:22:50 - ********** AFH Red 16 - $0.10 / $0.25 **********
***** # Hand: 15
               Redna-DE
                  o 
     -CO                         AAANaster27-SB
                 bb 
                  BB 
|QS| |8C| 
State.BB_SB 
[<Location.Right: 3>] 
2023-09-29 19:22:50 - -I- Allin: (1200, 1322)
2023-09-29 19:22:59 - ********** AFH Red 12 - $0.10 / $0.25 **********
***** # Hand: 19
                             -SB
                                sb 
     ~ Joschi-Hoshi-DE  o                       bb  BamBooHolder-BB
                               
                                CO 
|10C| |2H| 
State.CO 
[] 
2023-09-29 19:22:59 - -I- Fold: (1985, 627)
2023-09-29 19:23:08 - ********** AFH Red 16 - $0.10 / $0.25 **********
***** # Hand: 16
               ~ Redna-BB
                  bb 
     -XX                        o  _AAAMaster27-DE
                 sb 
                  SB 
|QH| |5S| 
State.SB 
[] 
2023-09-29 19:23:08 - -I- Fold: (1031, 1316)
2023-09-29 19:23:17 - ********** AFH Red 09 - $0.10 / $0.25 **********
***** # Hand: 18
               “superman 007,-DE
                  o 
     -CO                         — tisten-SB
                 bb 
                  BB 
|6S| |2D| 
State.BB_SB 
[<Location.Right: 3>] 
2023-09-29 19:23:17 - -I- Fold: (1005, 621)
2023-09-29 19:23:18 - ********** AFH Red 16 - $0.10 / $0.25 **********
***** # Hand: 17
               ~ Redna-SB
                  sb 
     -XX                        bb  AAANaster27-BB
                 o 
                  DE 
|8S| |6S| 
State.DE 
[] 
2023-09-29 19:23:18 - -I- Allin: (1180, 1316)
2023-09-29 19:23:30 - ********** AFH Red 12 - $0.10 / $0.25 **********
***** # Hand: 21
                           jmst!-CO
                              
     Joschi-Hoshi-BB  bb                       o  BamBooHolder-DE
                             sb 
                              SB 
|8H| |6C| 
State.SB 
[] 
2023-09-29 19:23:30 - -I- Fold: (2007, 628)
2023-09-29 19:23:35 - ********** AFH Red 09 - $0.10 / $0.25 **********
***** # Hand: 19
               superman 007-BB
                  bb 
     -XX                        o  tisten-DE
                 sb 
                  SB 
|QD| |3S| 
State.SB 
[] 
2023-09-29 19:23:35 - -I- Fold: (1038, 626)
2023-09-29 19:23:36 - ********** AFH Red 16 - $0.10 / $0.25 **********
***** # Hand: 18
               Redna-DE
                  o 
     -CO                         AAANaster27-SB
                 bb 
                  BB 
|9D| |8C| 
State.BB_SB 
[<Location.Right: 3>] 
2023-09-29 19:23:36 - -I- Fold: (1047, 1318)
2023-09-29 19:23:43 - ********** AFH Red 12 - $0.10 / $0.25 **********
***** # Hand: 22
                           -BB
                              bb 
     Joschi-Hoshi-SB  sb                        BamBooHolder-CO
                             o 
                              DE 
|8S| |7H| 
State.DE 
[] 
2023-09-29 19:23:43 - -I- Fold: (1983, 621)
2023-09-29 19:23:45 - ********** AFH Red 09 - $0.10 / $0.25 **********
***** # Hand: 20
               superman 007-SB
                  sb 
     -XX                        bb  — tisten-BB
                 o 
                  DE 
|AS| |4D| 
State.DE 
[] 
2023-09-29 19:23:45 - -I- Allin: (1232, 617)
2023-09-29 19:23:47 - ********** AFH Red 16 - $0.10 / $0.25 **********
***** # Hand: 19
               ~ Redna-BB
                  bb 
     -XX                        o  AAANaster27-DE
                 sb 
                  SB 
|QC| |10C| 
State.SB_DE 
[<Location.Right: 3>] 
2023-09-29 19:23:47 - -I- Allin: (1201, 1321)
2023-09-29 19:23:54 - ********** AFH Red 12 - $0.10 / $0.25 **********
***** # Hand: 23
                           -SB
                              sb 
     Joschi-Hoshi-DE  o                       bb  BamBooHolder-BB
                             
                              CO 
|AS| |9H| 
State.CO 
[] 
2023-09-29 19:23:54 - -I- Allin: (2163, 619)
2023-09-29 19:24:05 - ********** AFH Red 16 - $0.10 / $0.25 **********
***** # Hand: 20
               ~ Redna-SB
                  sb 
     -XX                        bb  AAANaster27-BB
                 o 
                  DE 
|8S| |3C| 
State.DE 
[] 
2023-09-29 19:24:05 - -I- Fold: (1015, 1320)
2023-09-29 19:24:11 - ********** AFH Red 09 - $0.10 / $0.25 **********
***** # Hand: 21
               “superman 007,-DE
                  o 
     -CO                         — tisten-SB
                 bb 
                  BB 
|AD| |2C| 
State.BB_SB 
[<Location.Right: 3>] 
2023-09-29 19:24:11 - -I- Allin: (1194, 621)
2023-09-29 19:24:12 - ********** AFH Red 12 - $0.10 / $0.25 **********
***** # Hand: 24
                           jmst!-DE
                              o 
     Joschi-Hoshi-CO                        sb  BamBooHolder-SB
                             bb 
                              BB 
|KS| |2D| 
State.BB_CO 
[<Location.Left: 1>] 
2023-09-29 19:24:12 - -I- Fold: (1994, 622)
2023-09-29 19:24:23 - ********** AFH Red 16 - $0.10 / $0.25 **********
***** # Hand: 21
               Redna-DE
                  o 
     -CO                         AAANaster27-SB
                 bb 
                  BB 
|AH| |10S| 
State.BB_SB 
[<Location.Right: 3>] 
2023-09-29 19:24:23 - -I- Allin: (1197, 1313)
2023-09-29 19:24:26 - ********** AFH Red 12 - $0.10 / $0.25 **********
***** # Hand: 25
                           jmst!-CO
                              
     Joschi-Hoshi-BB  bb                       o  BamBooHolder-DE
                             sb 
                              SB 
|3H| |2S| 
State.SB_DE 
[<Location.Right: 3>] 
2023-09-29 19:24:26 - -I- Fold: (1988, 617)
2023-09-29 19:24:38 - ********** AFH Red 12 - $0.10 / $0.25 **********
***** # Hand: 26
                           -BB
                              bb 
     Joschi-Hoshi-SB  sb                        BamBooHolder-CO
                             o 
                              DE 
|9H| |3H| 
State.DE_CO 
[<Location.Right: 3>] 
2023-09-29 19:24:38 - -I- Fold: (1996, 623)
2023-09-29 19:24:41 - ********** AFH Red 16 - $0.10 / $0.25 **********
***** # Hand: 22
                      Redna-CO
                         
     _ NTNs!-BB  bb                       o  -DE
                        sb 
                         SB 
|10D| |6S| 
State.SB 
[] 
2023-09-29 19:24:41 - -I- Fold: (1044, 1322)
2023-09-29 19:24:42 - ********** AFH Red 09 - $0.10 / $0.25 **********
***** # Hand: 22
                      superman 007-BB
                         bb 
     ~ 00g11-XX                        o  tisten-DE
                        sb 
                         SB 
|6S| |4H| 
State.SB 
[] 
2023-09-29 19:24:42 - -I- Fold: (1038, 620)
2023-09-29 19:24:51 - ********** AFH Red 16 - $0.10 / $0.25 **********
***** # Hand: 23
                      ~ Redna-BB
                         bb 
     _ NTNs!-SB  sb                        ~ Mr-D94-CO
                        o 
                         DE 
|8S| |7D| 
State.DE 
[] 
2023-09-29 19:24:51 - -I- Fold: (1019, 1310)
2023-09-29 19:24:52 - ********** AFH Red 09 - $0.10 / $0.25 **********
***** # Hand: 23
                      superman 007-SB
                         sb 
     ~ 00g11-XX                        bb  — tisten-BB
                        o 
                         DE 
|JH| |6S| 
State.DE 
[] 
2023-09-29 19:24:52 - -I- Fold: (1029, 613)
2023-09-29 19:24:55 - ********** AFH Red 12 - $0.10 / $0.25 **********
***** # Hand: 27
                           -SB
                              sb 
     Joschi-Hoshi-DE  o                       bb  BamBooHolder-BB
                             
                              CO 
|QC| |2H| 
State.CO 
[] 
2023-09-29 19:24:55 - -I- Fold: (1996, 623)
2023-09-29 19:25:03 - ********** AFH Red 16 - $0.10 / $0.25 **********
***** # Hand: 24
                      ~ Redna-SB
                         sb 
     _ NTNs!-DE  o                       bb  ~ Mr-D94-BB
                        
                         CO 
|AH| |7D| 
State.CO 
[] 
2023-09-29 19:25:03 - -I- Allin: (1204, 1323)
2023-09-29 19:25:08 - ********** AFH Red 09 - $0.10 / $0.25 **********
***** # Hand: 24
                      “superman 007,-DE
                         o 
     ~ 00g11-CO                         — tisten-SB
                        bb 
                         BB 
|5S| |5D| 
State.BB_SB 
[<Location.Right: 3>] 
2023-09-29 19:25:08 - -I- Allin: (1196, 621)
2023-09-29 19:25:15 - ********** AFH Red 12 - $0.10 / $0.25 **********
***** # Hand: 28
                           -DE
                              o 
     Joschi-Hoshi-CO                         BamBooHolder-SB
                             bb 
                              BB 
|5H| |3D| 
State.BB_DE_SB 
[<Location.Top: 2>, <Location.Right: 3>] 
2023-09-29 19:25:15 - -I- Fold: (1992, 626)
2023-09-29 19:25:24 - ********** AFH Red 16 - $0.10 / $0.25 **********
***** # Hand: 25
                      Redna-DE
                         o 
     _ NTNs!-CO                        sb   Mr-D94_-SB
                        bb 
                         BB 
|KC| |10D| 
State.BB_CO 
[<Location.Left: 1>] 
2023-09-29 19:25:24 - -I- Allin: (1190, 1319)
2023-09-29 19:25:33 - ********** AFH Red 09 - $0.10 / $0.25 **********
***** # Hand: 25
                      superman 007-CO
                         
     - 00g11-BB  bb                       o  tisten-DE
                        sb 
                         SB 
|KS| |7H| 
State.SB_CO 
[<Location.Top: 2>] 
2023-09-29 19:25:33 - -I- Fold: (1037, 626)
2023-09-29 19:25:33 - ********** AFH Red 12 - $0.10 / $0.25 **********
***** # Hand: 29
                           -CO
                              
     Joschi-Hoshi-BB  bb                       o  BamBooHolder-DE
                             sb 
                              SB 
|JH| |8S| 
State.SB_DE 
[<Location.Right: 3>] 
2023-09-29 19:25:33 - -I- Fold: (1977, 625)
2023-09-29 19:25:44 - ********** AFH Red 16 - $0.10 / $0.25 **********
***** # Hand: 26
                      ~ Redna-CO
                         
     _ NTNs!-BB  bb                       o  ~ Mr-D94-DE
                        sb 
                         SB 
|2H| |2C| 
State.SB_CO_DE 
[<Location.Top: 2>, <Location.Right: 3>] 
2023-09-29 19:25:44 - -I- Fold: (1019, 1316)
2023-09-29 19:25:47 - ********** AFH Red 09 - $0.10 / $0.25 **********
***** # Hand: 26
                      superman 007-BB
                         bb 
     - 00g11-SB  sb                        tisten-CO
                        o 
                         DE 
|10C| |8C| 
State.DE 
[] 
2023-09-29 19:25:47 - -I- Allin: (1188, 624)
2023-09-29 19:25:52 - ********** AFH Red 12 - $0.10 / $0.25 **********
***** # Hand: 30
                           ‘ganjun315-BB
                              bb 
     Joschi-Hoshi-SB  sb                        BamBooHolder-CO
                             o 
                              DE 
|KC| |8C| 
State.DE 
[] 
2023-09-29 19:25:52 - -I- Allin: (2152, 628)
2023-09-29 19:26:02 - ********** AFH Red 16 - $0.10 / $0.25 **********
***** # Hand: 27
                      ~ Redna-BB
                         bb 
     _ NTNs!-SB  sb                         Mr-D94_-CO
                        o 
                         DE 
|8C| |2H| 
State.DE 
[] 
2023-09-29 19:26:02 - -I- Fold: (1035, 1326)
2023-09-29 19:26:07 - ********** AFH Red 09 - $0.10 / $0.25 **********
***** # Hand: 27
                      superman 007-SB
                         sb 
     - 00g11-DE  o                       bb  — tisten-BB
                        
                         CO 
|4S| |3D| 
State.CO 
[] 
2023-09-29 19:26:07 - -I- Fold: (1021, 624)
2023-09-29 19:26:10 - ********** AFH Red 12 - $0.10 / $0.25 **********
***** # Hand: 31
                           ‘ganjun315-SB
                              sb 
     Joschi-Hoshi-DE  o                       bb  BamBooHolder-BB
                             
                              CO 
|7D| |7C| 
State.CO 
[] 
2023-09-29 19:26:10 - -I- Allin: (2165, 616)
2023-09-29 19:26:14 - ********** AFH Red 16 - $0.10 / $0.25 **********
***** # Hand: 28
                      ~ Redna-SB
                         sb 
     _ NTNs!-DE  o                       bb  ~ Mr-D94-BB
                        
                         CO 
|QC| |9C| 
State.CO 
[] 
2023-09-29 19:26:14 - -I- Allin: (1200, 1319)
2023-09-29 19:26:35 - ********** AFH Red 16 - $0.10 / $0.25 **********
***** # Hand: 29
                       ~ Redna-DE
                          o 
      NTNs! |-CO                        sb   Mr-D94_-SB
                         bb 
                          BB 
|KD| |4D| 
State.BB_DE 
[<Location.Top: 2>] 
2023-09-29 19:26:35 - -I- Fold: (1022, 1316)
2023-09-29 19:26:38 - ********** AFH Red 12 - $0.10 / $0.25 **********
***** # Hand: 32
                           ~~ ganjun315.-DE
                              o 
     Joschi-Hoshi-CO                         BamBooHolder-SB
                             bb 
                              BB 
|JD| |8H| 
State.BB_SB 
[<Location.Right: 3>] 
2023-09-29 19:26:38 - -I- Fold: (1986, 627)
2023-09-29 19:26:47 - ********** AFH Red 16 - $0.10 / $0.25 **********
***** # Hand: 30
                      Redna-CO
                         
     _ NTNs!-BB  bb                       o   Mr-D94_-DE
                        sb 
                         SB 
|AS| |6C| 
State.SB 
[] 
2023-09-29 19:26:47 - -I- Allin: (1191, 1314)
2023-09-29 19:26:49 - ********** AFH Red 09 - $0.10 / $0.25 **********
***** # Hand: 29
                      superman 007-CO
                         
     - 00g11-BB  bb                       o  tisten-DE
                        sb 
                         SB 
|AS| |3D| 
State.SB_CO 
[<Location.Top: 2>] 
2023-09-29 19:26:49 - -I- Fold: (1012, 620)
2023-09-29 19:26:54 - ********** AFH Red 12 - $0.10 / $0.25 **********
***** # Hand: 33
                           ~~ ganjun315.-CO
                              
     Joschi-Hoshi-BB  bb                       o  BamBooHolder-DE
                             sb 
                              SB 
|8H| |5S| 
State.SB_DE 
[<Location.Right: 3>] 
2023-09-29 19:26:54 - -I- Fold: (1978, 621)
2023-09-29 19:27:02 - ********** AFH Red 16 - $0.10 / $0.25 **********
***** # Hand: 31
                      ~ Redna-BB
                         bb 
     _ NTNs!-SB  sb                        ~ Mr-D94-CO
                        o 
                         DE 
|JH| |9D| 
State.DE_CO 
[<Location.Right: 3>] 
2023-09-29 19:27:02 - -I- Fold: (1015, 1311)
2023-09-29 19:27:07 - ********** AFH Red 09 - $0.10 / $0.25 **********
***** # Hand: 30
                      superman 007-BB
                         bb 
     - 00g11-SB  sb                        tisten-CO
                        o 
                         DE 
|JH| |3H| 
State.DE 
[] 
2023-09-29 19:27:07 - -I- Fold: (1031, 627)
2023-09-29 19:27:07 - ********** AFH Red 12 - $0.10 / $0.25 **********
***** # Hand: 34
                           ‘ganjun315-BB
                              bb 
     Joschi-Hoshi-SB  sb                        BamBooHolder-CO
                             o 
                              DE 
|9S| |6C| 
State.DE_CO 
[<Location.Right: 3>] 
2023-09-29 19:27:07 - -I- Fold: (1994, 619)
2023-09-29 19:27:12 - ********** AFH Red 16 - $0.10 / $0.25 **********
***** # Hand: 32
                      ~ Redna-SB
                         sb 
     _ NTNs!-DE  o                       bb  ~ Mr-D94-BB
                        
                         CO 
|10S| |3D| 
State.CO 
[] 
2023-09-29 19:27:12 - -I- Fold: (1024, 1316)
2023-09-29 19:27:21 - ********** AFH Red 09 - $0.10 / $0.25 **********
***** # Hand: 31
                      superman 007-SB
                         sb 
     - 00g11-DE  o                       bb  — tisten-BB
                        
                         CO 
|9C| |4C| 
State.CO 
[] 
2023-09-29 19:27:21 - -I- Fold: (1012, 623)
2023-09-29 19:27:25 - ********** AFH Red 12 - $0.10 / $0.25 **********
***** # Hand: 35
                           ‘ganjun315-SB
                              sb 
     Joschi-Hoshi-DE  o                       bb  BamBooHolder-BB
                             
                              CO 
|KD| |3D| 
State.CO 
[] 
2023-09-29 19:27:25 - -I- Fold: (2000, 625)
2023-09-29 19:27:28 - ********** AFH Red 16 - $0.10 / $0.25 **********
***** # Hand: 33
                       ~ Redna-DE
                          o 
      NTNs! |-CO                         ~ Mr-D94-SB
                         bb 
                          BB 
|8H| |6S| 
State.BB_DE_SB 
[<Location.Top: 2>, <Location.Right: 3>] 
2023-09-29 19:27:28 - -I- Fold: (1018, 1322)
2023-09-29 19:27:36 - ********** AFH Red 09 - $0.10 / $0.25 **********
***** # Hand: 32
                      “superman 007,-DE
                         o 
     - 00g11-CO                        sb  tisten-SB
                        bb 
                         BB 
|10C| |7S| 
State.BB_CO 
[<Location.Left: 1>] 
2023-09-29 19:27:36 - -I- Fold: (1033, 626)
2023-09-29 19:27:46 - ********** AFH Red 16 - $0.10 / $0.25 **********
***** # Hand: 34
                      Redna-CO
                         
     _ NTNs!-BB  bb                       o   Mr-D94_-DE
                        sb 
                         SB 
|9H| |3C| 
State.SB 
[] 
2023-09-29 19:27:46 - -I- Fold: (1041, 1313)
2023-09-29 19:27:48 - ********** AFH Red 09 - $0.10 / $0.25 **********
***** # Hand: 33
                      “superman 007,-CO
                         
     - 00g11-BB  bb                       o  tisten-DE
                        sb 
                         SB 
|JC| |6H| 
State.SB 
[] 
2023-09-29 19:27:48 - -I- Fold: (1005, 625)
2023-09-29 19:27:58 - ********** AFH Red 16 - $0.10 / $0.25 **********
***** # Hand: 35
                      ~ Redna-BB
                         bb 
     _ NTNs!-SB  sb                         Mr-D94_-CO
                        o 
                         DE 
|QC| |4S| 
State.DE 
[] 
2023-09-29 19:27:58 - -I- Fold: (1022, 1314)
2023-09-29 19:28:01 - ********** AFH Red 09 - $0.10 / $0.25 **********
***** # Hand: 34
                      superman 007-BB
                         bb 
     - 00g11-SB  sb                        tisten-CO
                        o 
                         DE 
|KH| |2H| 
State.DE 
[] 
2023-09-29 19:28:01 - -I- Fold: (1021, 614)
2023-09-29 19:28:05 - ********** AFH Red 12 - $0.10 / $0.25 **********
***** # Hand: 37
                           ‘ganjun315-BB
                              bb 
     Joschi-Hoshi-SB  sb                        \BamBooHolder-CO
                             o 
                              DE 
|KD| |3D| 
State.DE 
[] 
2023-09-29 19:28:05 - -I- Fold: (1992, 623)
2023-09-29 19:28:12 - ********** AFH Red 09 - $0.10 / $0.25 **********
***** # Hand: 35
                      superman 007-SB
                         sb 
     - 00g11-DE  o                       bb  — tisten-BB
                        
                         CO 
|JC| |9D| 
State.CO 
[] 
2023-09-29 19:28:12 - -I- Fold: (1028, 620)
2023-09-29 19:28:16 - ********** AFH Red 12 - $0.10 / $0.25 **********
***** # Hand: 38
                           ‘ganjun315-SB
                              sb 
     Joschi-Hoshi-DE  o                       bb  BamBooHolder-BB
                             
                              CO 
|7H| |4C| 
State.CO 
[] 
2023-09-29 19:28:16 - -I- Fold: (1987, 617)
2023-09-29 19:28:23 - ********** AFH Red 16 - $0.10 / $0.25 **********
***** # Hand: 36
                      ~ Redna-SB
                         sb 
     _ NTNs!-DE  o                       bb  ~ Mr-D94-BB
                        
                         CO 
|7D| |6H| 
State.CO 
[] 
2023-09-29 19:28:23 - -I- Fold: (1029, 1322)
2023-09-29 19:28:32 - ********** AFH Red 09 - $0.10 / $0.25 **********
***** # Hand: 36
                      superman 007-DE
                         o 
     ~ 00g11-CO                        sb  tisten-SB
                        bb 
                         BB 
|AS| |6C| 
State.BB_DE 
[<Location.Top: 2>] 
2023-09-29 19:28:32 - -I- Allin: (1185, 627)
2023-09-29 19:28:33 - ********** AFH Red 12 - $0.10 / $0.25 **********
***** # Hand: 39
                           ~~ ganjun315.-DE
                              o 
     Joschi-Hoshi-BB  bb                        \BamBooHolder-XX
                             sb 
                              SB 
|JH| |9C| 
State.SB 
[] 
2023-09-29 19:28:33 - -I- Allin: (2172, 623)
2023-09-29 19:28:44 - ********** AFH Red 12 - $0.10 / $0.25 **********
***** # Hand: 40
                           ‘ganjun315-BB
                              bb 
     Joschi-Hoshi-SB  sb                        BamBooHolder-CO
                             o 
                              DE 
|7C| |5H| 
State.DE 
[] 
2023-09-29 19:28:44 - -I- Fold: (2004, 623)
2023-09-29 19:28:46 - ********** AFH Red 16 - $0.10 / $0.25 **********
***** # Hand: 37
                       Redna-DE
                          o 
      NTNs! |-CO                        sb   Mr-D94_-SB
                         bb 
                          BB 
|AC| |JH| 
State.BB_DE 
[<Location.Top: 2>] 
2023-09-29 19:28:46 - -I- Allin: (1171, 1318)
2023-09-29 19:28:55 - ********** AFH Red 09 - $0.10 / $0.25 **********
***** # Hand: 37
                      superman 007-CO
                         
     - 00g11-BB  bb                       o  tisten-DE
                        sb 
                         SB 
|8C| |3D| 
State.SB_CO 
[<Location.Top: 2>] 
2023-09-29 19:28:55 - -I- Fold: (1026, 621)
2023-09-29 19:29:00 - ********** AFH Red 12 - $0.10 / $0.25 **********
***** # Hand: 41
                           ‘ganjun315-SB
                              sb 
     Joschi-Hoshi-DE  o                       bb  BamBooHolder-BB
                             
                              CO 
|10H| |3S| 
State.CO 
[] 
2023-09-29 19:29:00 - -I- Fold: (2009, 618)
2023-09-29 19:29:09 - ********** AFH Red 09 - $0.10 / $0.25 **********
***** # Hand: 38
                      superman 007-BB
                         bb 
     - 00g11-SB  sb                        — tisten-CO
                        o 
                         DE 
|6C| |5D| 
State.DE_CO 
[<Location.Right: 3>] 
2023-09-29 19:29:09 - -I- Fold: (1033, 623)
2023-09-29 19:29:09 - ********** AFH Red 16 - $0.10 / $0.25 **********
***** # Hand: 38
                      Redna-CO
                         
     _ NTNs!-BB  bb                       o  ~ Mr-D94-DE
                        sb 
                         SB 
|10D| |3H| 
State.SB_DE 
[<Location.Right: 3>] 
2023-09-29 19:29:09 - -I- Fold: (1006, 1317)
2023-09-29 19:29:22 - ********** AFH Red 16 - $0.10 / $0.25 **********
***** # Hand: 39
                      ~ Redna-BB
                         bb 
     _ NTNs!-SB  sb                         Mr-D94_-CO
                        o 
                         DE 
|KD| |10S| 
State.DE 
[] 
2023-09-29 19:29:22 - -I- Allin: (1188, 1311)
2023-09-29 19:29:24 - ********** AFH Red 12 - $0.10 / $0.25 **********
***** # Hand: 42
                           ~~ ganjun315.-DE
                              o 
     Joschi-Hoshi-CO                         BamBooHolder-SB
                             bb 
                              BB 
|10C| |6D| 
State.BB_SB 
[<Location.Right: 3>] 
2023-09-29 19:29:24 - -I- Fold: (2009, 628)
2023-09-29 19:29:28 - ********** AFH Red 09 - $0.10 / $0.25 **********
***** # Hand: 39
                      superman 007-SB
                         sb 
     - 00g11-DE  o                       bb  — tisten-BB
                        
                         CO 
|6D| |3S| 
State.CO 
[] 
2023-09-29 19:29:28 - -I- Fold: (1010, 622)
2023-09-29 19:29:34 - ********** AFH Red 16 - $0.10 / $0.25 **********
***** # Hand: 40
                      ~ Redna-SB
                         sb 
     _ NTNs!-DE  o                       bb  ~ Mr-D94-BB
                        
                         CO 
|KC| |5H| 
State.CO 
[] 
2023-09-29 19:29:34 - -I- Fold: (1003, 1313)
2023-09-29 19:29:36 - ********** AFH Red 12 - $0.10 / $0.25 **********
***** # Hand: 43
                           ‘ganjun315-CO
                              
     Joschi-Hoshi-BB  bb                       o  BamBooHolder-DE
                             sb 
                              SB 
|5H| |2S| 
State.SB_CO 
[<Location.Top: 2>] 
2023-09-29 19:29:36 - -I- Fold: (1983, 625)
2023-09-29 19:29:55 - ********** AFH Red 12 - $0.10 / $0.25 **********
***** # Hand: 44
                           ‘ganjun315-BB
                              bb 
     Joschi-Hoshi-SB  sb                        BamBooHolder-CO
                             o 
                              DE 
|KC| |3D| 
State.DE 
[] 
2023-09-29 19:29:55 - -I- Fold: (1984, 619)
2023-09-29 19:30:01 - ********** AFH Red 16 - $0.10 / $0.25 **********
***** # Hand: 42
                      Redna-CO
                         
     _ NTNs!-BB  bb                       o   Mr-D94_-DE
                        sb 
                         SB 
|8C| |3S| 
State.SB 
[] 
2023-09-29 19:30:01 - -I- Fold: (1035, 1321)
2023-09-29 19:30:03 - ********** AFH Red 09 - $0.10 / $0.25 **********
***** # Hand: 40
                      superman 007-DE
                         o 
     ~ 00g11-CO                         — tisten-SB
                        bb 
                         BB 
|QC| |8D| 
State.BB_DE_SB 
[<Location.Top: 2>, <Location.Right: 3>] 
2023-09-29 19:30:03 - -I- Fold: (1014, 619)
2023-09-29 19:30:12 - ********** AFH Red 16 - $0.10 / $0.25 **********
***** # Hand: 43
                      ~ Redna-BB
                         bb 
     _ NTNs!-SB  sb                        ~ Mr-D94-CO
                        o 
                         DE 
|10D| |4C| 
State.DE_CO 
[<Location.Right: 3>] 
2023-09-29 19:30:12 - -I- Fold: (1019, 1316)
2023-09-29 19:30:13 - ********** AFH Red 12 - $0.10 / $0.25 **********
***** # Hand: 45
                           ‘ganjun315-SB
                              sb 
     Joschi-Hoshi-DE  o                       bb  BamBooHolder-BB
                             
                              CO 
|QH| |7S| 
State.CO 
[] 
2023-09-29 19:30:13 - -I- Fold: (1969, 623)
2023-09-29 19:30:24 - ********** AFH Red 16 - $0.10 / $0.25 **********
***** # Hand: 44
                      ~ Redna-SB
                         sb 
     _ NTNs!-DE  o                       bb  ~ Mr-D94-BB
                        
                         CO 
|KD| |4C| 
State.CO 
[] 
2023-09-29 19:30:24 - -I- Fold: (1032, 1315)
2023-09-29 19:30:30 - ********** AFH Red 12 - $0.10 / $0.25 **********
***** # Hand: 46
                           ‘ganjun315-DE
                              o 
     Joschi-Hoshi-CO                         BamBooHolder-SB
                             bb 
                              BB 
|JS| |6D| 
State.BB_CO_DE_SB 
[<Location.Top: 2>, <Location.Right: 3>, <Location.Left: 1>] 
2023-09-29 19:30:30 - -I- Fold: (1972, 625)
2023-09-29 19:30:35 - ********** AFH Red 09 - $0.10 / $0.25 **********
***** # Hand: 41
                      superman 007-CO
                         
     - 00g11-BB  bb                       o  — tisten-DE
                        sb 
                         SB 
|7C| |2C| 
State.SB_CO_DE 
[<Location.Top: 2>, <Location.Right: 3>] 
2023-09-29 19:30:35 - -I- Fold: (1032, 625)
2023-09-29 19:30:44 - ********** AFH Red 16 - $0.10 / $0.25 **********
***** # Hand: 45
                       ~ Redna-DE
                          o 
      NTNs! |-CO                        sb   Mr-D94_-SB
                         bb 
                          BB 
|9C| |7S| 
State.BB_DE 
[<Location.Top: 2>] 
2023-09-29 19:30:44 - -I- Fold: (1018, 1315)
2023-09-29 19:30:48 - ********** AFH Red 12 - $0.10 / $0.25 **********
***** # Hand: 47
                           —t aae-CO
                              
     Joschi-Hoshi-BB  bb                       o  BamBooHolder-DE
                             sb 
                              SB 
|6S| |3C| 
State.SB_DE 
[<Location.Right: 3>] 
2023-09-29 19:30:48 - -I- Fold: (1973, 618)
2023-09-29 19:30:53 - ********** AFH Red 09 - $0.10 / $0.25 **********
***** # Hand: 42
                      superman 007-BB
                         bb 
     - 00g11-SB  sb                        ~ tisten-CO
                        o 
                         DE 
|JH| |3S| 
State.DE_CO 
[<Location.Right: 3>] 
2023-09-29 19:30:53 - -I- Fold: (1035, 629)
2023-09-29 19:30:58 - ********** AFH Red 16 - $0.10 / $0.25 **********
***** # Hand: 46
                      ~ Redna-CO
                         
     _ NTNs!-BB  bb                       o   Mr-D94_-DE
                        sb 
                         SB 
|8D| |7S| 
State.SB_CO 
[<Location.Top: 2>] 
2023-09-29 19:30:58 - -I- Fold: (1026, 1314)
2023-09-29 19:31:06 - ********** AFH Red 12 - $0.10 / $0.25 **********
***** # Hand: 48
                           ee antino1e-BB
                              bb 
     Joschi-Hoshi-SB  sb                        BamBooHolder-CO
                             o 
                              DE 
|QD| |8D| 
State.DE 
[] 
2023-09-29 19:31:06 - -I- Allin: (2154, 625)
2023-09-29 19:31:08 - ********** AFH Red 09 - $0.10 / $0.25 **********
***** # Hand: 43
                      superman 007-SB
                         sb 
     - 00g11-DE  o                       bb  ~ tisten-BB
                        
                         CO 
|8C| |2C| 
State.CO 
[] 
2023-09-29 19:31:08 - -I- Fold: (1030, 617)
2023-09-29 19:31:16 - ********** AFH Red 16 - $0.10 / $0.25 **********
***** # Hand: 47
                      ~ Redna-BB
                         bb 
     _ NTNs!-SB  sb                         Mr-D94_-CO
                        o 
                         DE 
|QD| |JS| 
State.DE 
[] 
2023-09-29 19:31:16 - -I- Allin: (1198, 1319)
2023-09-29 19:31:25 - ********** AFH Red 12 - $0.10 / $0.25 **********
***** # Hand: 49
                           ee antino1e-SB
                              sb 
     Joschi-Hoshi-DE  o                       bb  BamBooHolder-BB
                             
                              CO 
|4D| |4H| 
State.CO 
[] 
2023-09-29 19:31:25 - -I- Allin: (2139, 626)
2023-09-29 19:31:32 - ********** AFH Red 09 - $0.10 / $0.25 **********
***** # Hand: 44
                      superman 007-DE
                         o 
     ~ 00g11-CO                        sb  tisten-SB
                        bb 
                         BB 
|KD| |10C| 
State.BB_DE 
[<Location.Top: 2>] 
2023-09-29 19:31:32 - -I- Allin: (1193, 623)
2023-09-29 19:31:34 - ********** AFH Red 16 - $0.10 / $0.25 **********
***** # Hand: 48
                      ~ Redna-SB
                         sb 
     _ NTNs!-DE  o                       bb  ~ Mr-D94-BB
                        
                         CO 
|8C| |7H| 
State.CO 
[] 
2023-09-29 19:31:34 - -I- Fold: (1027, 1318)
2023-09-29 19:31:47 - ********** AFH Red 16 - $0.10 / $0.25 **********
***** # Hand: 49
               ~ Redna-DE
                  o 
     -CO                         ~ Mr-D94-SB
                 bb 
                  BB 
|8C| |6C| 
State.BB_DE_SB 
[<Location.Top: 2>, <Location.Right: 3>] 
2023-09-29 19:31:47 - -I- Allin: (1188, 1319)
2023-09-29 19:31:48 - ********** AFH Red 12 - $0.10 / $0.25 **********
***** # Hand: 50
                            —t aae-DE
                               o 
     ~Joschi-Hoshi-CO                         BamBooHolder-SB
                              bb 
                               BB 
|AD| |JS| 
State.BB_CO_SB 
[<Location.Right: 3>, <Location.Left: 1>] 
2023-09-29 19:31:48 - -I- Allin: (2173, 618)
2023-09-29 19:31:58 - ********** AFH Red 09 - $0.10 / $0.25 **********
***** # Hand: 45
                      “superman 007,-CO
                         
     - 00g11-BB  bb                       o  tisten-DE
                        sb 
                         SB 
|8S| |2S| 
State.SB 
[] 
2023-09-29 19:31:58 - -I- Fold: (1024, 622)
2023-09-29 19:32:05 - ********** AFH Red 16 - $0.10 / $0.25 **********
***** # Hand: 50
                        ~ Redna-BB
                           bb 
     ~ Dufus25-XX                        o  ~~ Mr-D94_-DE
                          sb 
                           SB 
|QD| |6H| 
State.SB 
[] 
2023-09-29 19:32:05 - -I- Allin: (1197, 1320)
2023-09-29 19:32:06 - ********** AFH Red 12 - $0.10 / $0.25 **********
***** # Hand: 51
                            ee antino1e-CO
                               
     ~Joschi-Hoshi-BB  bb                       o  BamBooHolder-DE
                              sb 
                               SB 
|8H| |2H| 
State.SB_CO 
[<Location.Top: 2>] 
2023-09-29 19:32:06 - -I- Fold: (1987, 626)
2023-09-29 19:32:10 - ********** AFH Red 09 - $0.10 / $0.25 **********
***** # Hand: 46
                      superman 007-BB
                         bb 
     - 00g11-SB  sb                        tisten-CO
                        o 
                         DE 
|5S| |2H| 
State.DE 
[] 
2023-09-29 19:32:10 - -I- Fold: (1034, 627)
2023-09-29 19:32:22 - ********** AFH Red 16 - $0.10 / $0.25 **********
***** # Hand: 51
                        ~ Redna-SB
                           sb 
     ~ Dufus25-XX                        bb  ~— Mr-D94.-BB
                          o 
                           DE 
|10S| |10H| 
State.DE 
[] 
2023-09-29 19:32:22 - -I- Allin: (1183, 1322)
2023-09-29 19:32:25 - ********** AFH Red 12 - $0.10 / $0.25 **********
***** # Hand: 52
                           ee antino1e-BB
                              bb 
     Joschi-Hoshi-SB  sb                        BamBooHolder-CO
                             o 
                              DE 
|QD| |10C| 
State.DE_CO 
[<Location.Right: 3>] 
2023-09-29 19:32:25 - -I- Fold: (1997, 617)
2023-09-29 19:32:25 - ********** AFH Red 09 - $0.10 / $0.25 **********
***** # Hand: 47
                      superman 007-SB
                         sb 
     - 00g11-DE  o                       bb  — tisten-BB
                        
                         CO 
|7D| |5D| 
State.CO 
[] 
2023-09-29 19:32:25 - -I- Allin: (1197, 623)
2023-09-29 19:32:41 - ********** AFH Red 12 - $0.10 / $0.25 **********
***** # Hand: 53
                            ee antino1e-SB
                               sb 
     ~Joschi-Hoshi-DE  o                       bb  BamBooHolder-BB
                              
                               CO 
|6H| |2H| 
State.CO 
[] 
2023-09-29 19:32:41 - -I- Fold: (2007, 624)
2023-09-29 19:32:47 - ********** AFH Red 16 - $0.10 / $0.25 **********
***** # Hand: 52
                        Redna-DE
                           o 
     ~ Dufus25-CO                         ~— Mr-D94.-SB
                          bb 
                           BB 
|AD| |8S| 
State.BB_SB 
[<Location.Right: 3>] 
2023-09-29 19:32:47 - -I- Allin: (1202, 1319)
2023-09-29 19:32:52 - ********** AFH Red 09 - $0.10 / $0.25 **********
***** # Hand: 48
                      “superman 007,-DE
                         o 
     - 00g11-CO                         — tisten-SB
                        bb 
                         BB 
|QS| |2S| 
State.BB_CO_SB 
[<Location.Right: 3>, <Location.Left: 1>] 
2023-09-29 19:32:52 - -I- Fold: (1033, 614)
2023-09-29 19:33:05 - ********** AFH Red 16 - $0.10 / $0.25 **********
***** # Hand: 53
                        ~ Redna-CO
                           
     ~ Dufus25-BB  bb                       o  ~— Mr-D94.-DE
                          sb 
                           SB 
|AD| |7S| 
State.SB_CO_DE 
[<Location.Top: 2>, <Location.Right: 3>] 
2023-09-29 19:33:05 - -I- Fold: (1036, 1319)
2023-09-29 19:33:07 - ********** AFH Red 12 - $0.10 / $0.25 **********
***** # Hand: 54
                           ~~ ganjun315.-DE
                              o 
     Joschi-Hoshi-CO                        sb  BamBooHolder-SB
                             bb 
                              BB 
|6H| |6C| 
State.BB_CO 
[<Location.Left: 1>] 
2023-09-29 19:33:07 - -I- Allin: (2175, 619)
2023-09-29 19:33:20 - ********** AFH Red 09 - $0.10 / $0.25 **********
***** # Hand: 49
                      superman 007-CO
                         
     - 00g11-BB  bb                       o  ~ tisten-DE
                        sb 
                         SB 
|QS| |6S| 
State.SB_CO_DE 
[<Location.Top: 2>, <Location.Right: 3>] 
2023-09-29 19:33:20 - -I- Fold: (1027, 631)
2023-09-29 19:33:27 - ********** AFH Red 16 - $0.10 / $0.25 **********
***** # Hand: 54
                        ~ Redna-BB
                           bb 
     ~ Dufus25-SB  sb                         Mr-D94_-CO
                          o 
                           DE 
|10H| |6S| 
State.DE 
[] 
2023-09-29 19:33:27 - -I- Fold: (1029, 1311)
2023-09-29 19:33:27 - ********** AFH Red 12 - $0.10 / $0.25 **********
***** # Hand: 55
                            ‘ganjun315-CO
                               
     ~Joschi-Hoshi-BB  bb                       o  BamBooHolder-DE
                              sb 
                               SB 
|AC| |7H| 
State.SB_CO 
[<Location.Top: 2>] 
2023-09-29 19:33:27 - -I- Allin: (2178, 622)
2023-09-29 19:33:38 - ********** AFH Red 09 - $0.10 / $0.25 **********
***** # Hand: 50
                      ee v7-BB
                         bb 
     - 00g11-SB  sb                        tisten-CO
                        o 
                         DE 
|6H| |4H| 
State.DE 
[] 
2023-09-29 19:33:38 - -I- Allin: (1186, 624)
2023-09-29 19:33:39 - ********** AFH Red 16 - $0.10 / $0.25 **********
***** # Hand: 55
                        ~ Redna-SB
                           sb 
     ~ Dufus25-DE  o                       bb  ~ Mr-D94-BB
                          
                           CO 
|10C| |7S| 
State.CO 
[] 
2023-09-29 19:33:39 - -I- Fold: (1032, 1318)
2023-09-29 19:33:45 - ********** AFH Red 12 - $0.10 / $0.25 **********
***** # Hand: 56
                            ee antino1e-BB
                               bb 
     ~Joschi-Hoshi-SB  sb                        BamBooHolder-CO
                              o 
                               DE 
|AD| |JD| 
State.DE 
[] 
2023-09-29 19:33:45 - -I- Allin: (2168, 617)
2023-09-29 19:33:54 - ********** AFH Red 09 - $0.10 / $0.25 **********
***** # Hand: 51
                      ee v7-SB
                         sb 
     - 00g11-DE  o                       bb  — tisten-BB
                        
                         CO 
|6H| |4S| 
State.CO 
[] 
2023-09-29 19:33:54 - -I- Fold: (1022, 622)
2023-09-29 19:34:01 - ********** AFH Red 16 - $0.10 / $0.25 **********
***** # Hand: 56
                        ~ Redna-DE
                           o 
     ~ Dufus25-CO                        sb   Mr-D94_-SB
                          bb 
                           BB 
|KD| |JH| 
State.BB_CO_DE 
[<Location.Top: 2>, <Location.Left: 1>] 
2023-09-29 19:34:01 - -I- Allin: (1202, 1322)
2023-09-29 19:34:08 - ********** AFH Red 12 - $0.10 / $0.25 **********
***** # Hand: 57
                           ee antino1e-SB
                              sb 
     Joschi-Hoshi-DE  o                       bb  BamBooHolder-BB
                             
                              CO 
|7C| |6D| 
State.CO 
[] 
2023-09-29 19:34:08 - -I- Fold: (1994, 626)
2023-09-29 19:34:20 - ********** AFH Red 09 - $0.10 / $0.25 **********
***** # Hand: 52
                      superman 007-DE
                         o 
     ~ 00g11-CO                        sb  tisten-SB
                        bb 
                         BB 
|10D| |6D| 
State.BB_DE 
[<Location.Top: 2>] 
2023-09-29 19:34:20 - -I- Fold: (1027, 622)
2023-09-29 19:34:23 - ********** AFH Red 16 - $0.10 / $0.25 **********
***** # Hand: 57
                        ~ Redna-CO
                           
     ~ Dufus25-BB  bb                       o  ~ Mr-D94-DE
                          sb 
                           SB 
|QC| |2C| 
State.SB_CO_DE 
[<Location.Top: 2>, <Location.Right: 3>] 
2023-09-29 19:34:23 - -I- Fold: (1027, 1315)
2023-09-29 19:34:32 - ********** AFH Red 09 - $0.10 / $0.25 **********
***** # Hand: 53
                      “superman 007,-CO
                         
     - 00g11-BB  bb                       o  tisten-DE
                        sb 
                         SB 
|7C| |5S| 
State.SB 
[] 
2023-09-29 19:34:32 - -I- Fold: (1010, 625)
2023-09-29 19:34:33 - ********** AFH Red 12 - $0.10 / $0.25 **********
***** # Hand: 58
                           —t aae-DE
                              o 
     Joschi-Hoshi-CO                        sb  BamBooHolder-SB
                             bb 
                              BB 
|QH| |4C| 
State.BB_CO 
[<Location.Left: 1>] 
2023-09-29 19:34:33 - -I- Fold: (1979, 619)
2023-09-29 19:34:42 - ********** AFH Red 16 - $0.10 / $0.25 **********
***** # Hand: 58
                        ~ Redna-BB
                           bb 
     ~ Dufus25-SB  sb                        ~ Mr-D94-CO
                          o 
                           DE 
|10H| |9H| 
State.DE_CO 
[<Location.Right: 3>] 
2023-09-29 19:34:42 - -I- Allin: (1183, 1314)
2023-09-29 19:34:44 - ********** AFH Red 09 - $0.10 / $0.25 **********
***** # Hand: 54
                      ee v7-BB
                         bb 
     - 00g11-SB  sb                        tisten-CO
                        o 
                         DE 
|5D| |4S| 
State.DE 
[] 
2023-09-29 19:34:44 - -I- Fold: (1026, 618)
2023-09-29 19:34:47 - ********** AFH Red 12 - $0.10 / $0.25 **********
***** # Hand: 59
                           ee antino1e-CO
                              
     Joschi-Hoshi-BB  bb                       o  BamBooHolder-DE
                             sb 
                              SB 
|JH| |6S| 
State.SB_CO 
[<Location.Top: 2>] 
2023-09-29 19:34:47 - -I- Fold: (2015, 622)
2023-09-29 19:34:55 - ********** AFH Red 09 - $0.10 / $0.25 **********
***** # Hand: 55
                      ee v7-SB
                         sb 
     - 00g11-DE  o                       bb  — tisten-BB
                        
                         CO 
|AH| |KH| 
State.CO 
[] 
2023-09-29 19:34:55 - -I- Allin: (1186, 623)
2023-09-29 19:34:58 - ********** AFH Red 16 - $0.10 / $0.25 **********
***** # Hand: 59
                        ~ Redna-SB
                           sb 
     ~ Dufus25-DE  o                       bb  ~ Mr-D94-BB
                          
                           CO 
|8S| |4D| 
State.CO 
[] 
2023-09-29 19:34:58 - -I- Fold: (1030, 1320)
2023-09-29 19:35:07 - ********** AFH Red 12 - $0.10 / $0.25 **********
***** # Hand: 60
                           ‘ganjun315-BB
                              bb 
     Joschi-Hoshi-SB  sb                        BamBooHolder-CO
                             o 
                              DE 
|QC| |9D| 
State.DE 
[] 
2023-09-29 19:35:07 - -I- Fold: (1989, 621)
2023-09-29 19:35:14 - ********** AFH Red 16 - $0.10 / $0.25 **********
***** # Hand: 60
                        -CO
                           
     ~ Dufus25-BB  bb                       o   Mr-D94_-DE
                          sb 
                           SB 
|KH| |10D| 
State.SB 
[] 
2023-09-29 19:35:14 - -I- Allin: (1217, 1318)
2023-09-29 19:35:25 - ********** AFH Red 09 - $0.10 / $0.25 **********
***** # Hand: 56
                      “superman 007,-DE
                         o 
     - 00g11-CO                        sb  tisten-SB
                        bb 
                         BB 
|KC| |6S| 
State.BB_CO 
[<Location.Left: 1>] 
2023-09-29 19:35:25 - -I- Fold: (1015, 619)
2023-09-29 19:35:26 - ********** AFH Red 12 - $0.10 / $0.25 **********
***** # Hand: 61
                           ‘ganjun315-SB
                              sb 
     Joschi-Hoshi-DE  o                       bb  BamBooHolder-BB
                             
                              CO 
|KD| |7D| 
State.CO 
[] 
2023-09-29 19:35:26 - -I- Fold: (1987, 619)
2023-09-29 19:35:35 - ********** AFH Red 16 - $0.10 / $0.25 **********
***** # Hand: 61
                        -BB
                           bb 
     ~ Dufus25-SB  sb                         Mr-D94_-CO
                          o 
                           DE 
|AS| |3H| 
State.DE 
[] 
2023-09-29 19:35:35 - -I- Allin: (1204, 1322)
2023-09-29 19:35:37 - ********** AFH Red 09 - $0.10 / $0.25 **********
***** # Hand: 57
                      “superman 007,-CO
                         
     - 00g11-BB  bb                       o  tisten-DE
                        sb 
                         SB 
|9S| |3C| 
State.SB 
[] 
2023-09-29 19:35:37 - -I- Fold: (1027, 619)
2023-09-29 19:35:47 - ********** AFH Red 12 - $0.10 / $0.25 **********
***** # Hand: 62
                           ~~ ganjun315.-DE
                              o 
     Joschi-Hoshi-CO                        sb  BamBooHolder-SB
                             bb 
                              BB 
|QC| |2C| 
State.BB_CO 
[<Location.Left: 1>] 
2023-09-29 19:35:47 - -I- Fold: (1987, 621)
2023-09-29 19:35:50 - ********** AFH Red 09 - $0.10 / $0.25 **********
***** # Hand: 58
                      superman 007-BB
                         bb 
     - 00g11-SB  sb                        tisten-CO
                        o 
                         DE 
|10S| |8C| 
State.DE 
[] 
2023-09-29 19:35:50 - -I- Fold: (1031, 623)
2023-09-29 19:35:52 - ********** AFH Red 16 - $0.10 / $0.25 **********
***** # Hand: 62
                        -SB
                           sb 
     ~ Dufus25-DE  o                       bb  ~ Mr-D94-BB
                          
                           CO 
|JD| |5H| 
State.CO 
[] 
2023-09-29 19:35:52 - -I- Fold: (1011, 1314)
2023-09-29 19:36:00 - ********** AFH Red 12 - $0.10 / $0.25 **********
***** # Hand: 63
                           ~~ ganjun315.-CO
                              
     Joschi-Hoshi-BB  bb                       o  BamBooHolder-DE
                             sb 
                              SB 
|JC| |10S| 
State.SB_DE 
[<Location.Right: 3>] 
2023-09-29 19:36:00 - -I- Fold: (1994, 621)
2023-09-29 19:36:10 - ********** AFH Red 09 - $0.10 / $0.25 **********
***** # Hand: 59
                      ee v7-SB
                         sb 
     \ 00911-DE  o                       bb  — tisten-BB
                        
                         CO 
|JS| |2C| 
State.CO 
[] 
2023-09-29 19:36:10 - -I- Fold: (1021, 621)
2023-09-29 19:36:10 - ********** AFH Red 16 - $0.10 / $0.25 **********
***** # Hand: 63
                        -CO
                           
     ~ Dufus25-BB  bb                       o   Mr-D94_-DE
                          sb 
                           SB 
|8C| |7C| 
State.SB 
[] 
2023-09-29 19:36:10 - -I- Allin: (1176, 1325)
2023-09-29 19:36:17 - ********** AFH Red 12 - $0.10 / $0.25 **********
***** # Hand: 64
                           ‘ganjun315-BB
                              bb 
     Joschi-Hoshi-SB  sb                        BamBooHolder-CO
                             o 
                              DE 
|9S| |6S| 
State.DE 
[] 
2023-09-29 19:36:17 - -I- Allin: (2150, 620)
2023-09-29 19:36:32 - ********** AFH Red 16 - $0.10 / $0.25 **********
***** # Hand: 64
                        NielsCrooswijk-XX
                           
     ~ Dufus25-SB  sb                       bb  ~ Mr-D94-BB
                          o 
                           DE 
|9C| |7H| 
State.DE 
[] 
2023-09-29 19:36:32 - -I- Fold: (1038, 1318)
2023-09-29 19:36:35 - ********** AFH Red 12 - $0.10 / $0.25 **********
***** # Hand: 65
                           ‘ganjun315-SB
                              sb 
     Joschi-Hoshi-DE  o                       bb  BamBooHolder-BB
                             
                              CO 
|QD| |10S| 
State.CO 
[] 
2023-09-29 19:36:35 - -I- Fold: (1983, 620)
2023-09-29 19:36:48 - ********** AFH Red 09 - $0.10 / $0.25 **********
***** # Hand: 61
                      armani-CO
                         
     \ 00911-BB  bb                       o  tisten-DE
                        sb 
                         SB 
|QS| |10H| 
State.SB 
[] 
2023-09-29 19:36:48 - -I- Allin: (1202, 623)
2023-09-29 19:36:54 - ********** AFH Red 12 - $0.10 / $0.25 **********
***** # Hand: 66
                           ~~ ganjun315.-DE
                              o 
     Joschi-Hoshi-CO                        sb  BamBooHolder-SB
                             bb 
                              BB 
|QH| |8S| 
State.BB_CO 
[<Location.Left: 1>] 
2023-09-29 19:36:54 - -I- Fold: (1993, 622)
2023-09-29 19:37:06 - ********** AFH Red 09 - $0.10 / $0.25 **********
***** # Hand: 62
                      ee v7-BB
                         bb 
     \ 00911-SB  sb                        tisten-CO
                        o 
                         DE 
|KS| |4H| 
State.DE 
[] 
2023-09-29 19:37:06 - -I- Fold: (1032, 625)
2023-09-29 19:37:06 - ********** AFH Red 12 - $0.10 / $0.25 **********
***** # Hand: 67
                           ~~ ganjun315.-CO
                              
     Joschi-Hoshi-BB  bb                       o  BamBooHolder-DE
                             sb 
                              SB 
|KD| |9C| 
State.SB 
[] 
2023-09-29 19:37:06 - -I- Allin: (2139, 627)
2023-09-29 19:37:06 - ********** AFH Red 16 - $0.10 / $0.25 **********
***** # Hand: 66
                        NielsCrooswijk-CO
                           
     ~ Dufus25-BB  bb                       o   Mr-D94_-DE
                          sb 
                           SB 
|7H| |4S| 
State.SB_CO 
[<Location.Top: 2>] 
2023-09-29 19:37:06 - -I- Fold: (1031, 1320)
2023-09-29 19:37:25 - ********** AFH Red 12 - $0.10 / $0.25 **********
***** # Hand: 68
                           ‘ganjun315-BB
                              bb 
     Joschi-Hoshi-SB  sb                        BamBooHolder-CO
                             o 
                              DE 
|10D| |3D| 
State.DE 
[] 
2023-09-29 19:37:25 - -I- Fold: (2007, 621)
2023-09-29 19:37:26 - ********** AFH Red 16 - $0.10 / $0.25 **********
***** # Hand: 67
                         NielsCrooswijk-BB
                            bb 
     ~~ Dufus25-SB  sb                         Mr-D94_-CO
                           o 
                            DE 
|10D| |2S| 
State.DE 
[] 
2023-09-29 19:37:26 - -I- Fold: (1041, 1314)
2023-09-29 19:37:28 - ********** AFH Red 09 - $0.10 / $0.25 **********
***** # Hand: 64
               ee v7-BB
                  bb 
     -XX                        o  tisten-DE
                 sb 
                  SB 
|KH| |JD| 
State.SB 
[] 
2023-09-29 19:37:28 - -I- Allin: (1209, 625)
2023-09-29 19:37:36 - ********** AFH Red 12 - $0.10 / $0.25 **********
***** # Hand: 69
                           ‘ganjun315-SB
                              sb 
     Joschi-Hoshi-DE  o                       bb  BamBooHolder-BB
                             
                              CO 
|8S| |8C| 
State.CO 
[] 
2023-09-29 19:37:36 - -I- Allin: (2163, 623)
2023-09-29 19:37:39 - ********** AFH Red 09 - $0.10 / $0.25 **********
***** # Hand: 65
               ee v7-SB
                  sb 
     -XX                        bb  — tisten-BB
                 o 
                  DE 
|4C| |3C| 
State.DE 
[] 
2023-09-29 19:37:39 - -I- Allin: (1192, 627)
2023-09-29 19:37:45 - ********** AFH Red 16 - $0.10 / $0.25 **********
***** # Hand: 68
                         NielsCrooswijk-SB
                            sb 
     ~~ Dufus25-DE  o                       bb  ~ Mr-D94-BB
                           
                            CO 
|AS| |JH| 
State.CO 
[] 
2023-09-29 19:37:45 - -I- Allin: (1195, 1325)
2023-09-29 19:37:57 - ********** AFH Red 12 - $0.10 / $0.25 **********
***** # Hand: 70
                           ‘ganjun315-DE
                              o 
     Joschi-Hoshi-CO                        sb  BamBooHolder-SB
                             bb 
                              BB 
|AD| |7D| 
State.BB_CO_DE 
[<Location.Top: 2>, <Location.Left: 1>] 
2023-09-29 19:37:57 - -I- Fold: (1994, 618)
2023-09-29 19:38:04 - ********** AFH Red 09 - $0.10 / $0.25 **********
***** # Hand: 66
               ee v7-DE
                  o 
     -CO                        sb  tisten-SB
                 bb 
                  BB 
|KC| |6D| 
State.BB_DE 
[<Location.Top: 2>] 
2023-09-29 19:38:04 - -I- Fold: (1010, 618)
2023-09-29 19:38:11 - ********** AFH Red 16 - $0.10 / $0.25 **********
***** # Hand: 69
                         NielsCrooswijk-DE
                            o 
     ~~ Dufus25-CO                         ~ Mr-D94-SB
                           bb 
                            BB 
|KD| |4C| 
State.BB_CO_DE_SB 
[<Location.Top: 2>, <Location.Right: 3>, <Location.Left: 1>] 
2023-09-29 19:38:11 - -I- Fold: (1017, 1318)
2023-09-29 19:38:16 - ********** AFH Red 09 - $0.10 / $0.25 **********
***** # Hand: 67
               ee v7-BB
                  bb 
     -XX                        o  — tisten-DE
                 sb 
                  SB 
|10S| |4S| 
State.SB_DE 
[<Location.Right: 3>] 
2023-09-29 19:38:16 - -I- Fold: (1042, 624)
2023-09-29 19:38:17 - ********** AFH Red 12 - $0.10 / $0.25 **********
***** # Hand: 71
                           ‘ganjun315-CO
                              
     Joschi-Hoshi-BB  bb                       o  BamBooHolder-DE
                             sb 
                              SB 
|9H| |6S| 
State.SB_CO_DE 
[<Location.Top: 2>, <Location.Right: 3>] 
2023-09-29 19:38:17 - -I- Fold: (1980, 627)
2023-09-29 19:38:36 - ********** AFH Red 12 - $0.10 / $0.25 **********
***** # Hand: 72
                           ‘ganjun315-BB
                              bb 
     Joschi-Hoshi-SB  sb                        BamBooHolder-CO
                             o 
                              DE 
|QC| |5S| 
State.DE 
[] 
2023-09-29 19:38:36 - -I- Fold: (2007, 616)
2023-09-29 19:38:38 - ********** AFH Red 16 - $0.10 / $0.25 **********
***** # Hand: 70
                         NielsCrooswijk-CO
                            
     ~~ Dufus25-BB  bb                       o  ~— Mr-D94.-DE
                           sb 
                            SB 
|AH| |2C| 
State.SB_DE 
[<Location.Right: 3>] 
2023-09-29 19:38:38 - -I- Fold: (1010, 1318)
2023-09-29 19:38:44 - ********** AFH Red 09 - $0.10 / $0.25 **********
***** # Hand: 68
               superman 007-SB
                  sb 
     -XX                        bb  ~ tisten-BB
                 o 
                  DE 
|3S| |2H| 
State.DE 
[] 
2023-09-29 19:38:44 - -I- Fold: (1018, 620)
2023-09-29 19:38:54 - ********** AFH Red 12 - $0.10 / $0.25 **********
***** # Hand: 73
                           ‘ganjun315-SB
                              sb 
     Joschi-Hoshi-DE  o                       bb  BamBooHolder-BB
                             
                              CO 
|QH| |6D| 
State.CO 
[] 
2023-09-29 19:38:54 - -I- Fold: (1981, 621)
2023-09-29 19:38:57 - ********** AFH Red 16 - $0.10 / $0.25 **********
***** # Hand: 71
                         NielsCrooswijk-BB
                            bb 
     ~~ Dufus25-SB  sb                        ~~ Mr-D94_-CO
                           o 
                            DE 
|QC| |6C| 
State.DE 
[] 
2023-09-29 19:38:57 - -I- Fold: (1031, 1313)
2023-09-29 19:39:01 - ********** AFH Red 09 - $0.10 / $0.25 **********
***** # Hand: 69
               superman 007-DE
                  o 
     -CO                         ~ tisten-SB
                 bb 
                  BB 
|KH| |9S| 
State.BB_DE_SB 
[<Location.Top: 2>, <Location.Right: 3>] 
2023-09-29 19:39:01 - -I- Fold: (1019, 623)
2023-09-29 19:39:15 - ********** AFH Red 12 - $0.10 / $0.25 **********
***** # Hand: 74
                           ~~ ganjun315.-DE
                              o 
     Joschi-Hoshi-CO                         BamBooHolder-SB
                             bb 
                              BB 
|7C| |2H| 
State.BB_CO_SB 
[<Location.Right: 3>, <Location.Left: 1>] 
2023-09-29 19:39:15 - -I- Fold: (1980, 631)
2023-09-29 19:39:16 - ********** AFH Red 16 - $0.10 / $0.25 **********
***** # Hand: 72
                         NielsCrooswijk-SB
                            sb 
     ~~ Dufus25-DE  o                       bb  ~ Mr-D94-BB
                           
                            CO 
|10H| |5H| 
State.CO 
[] 
2023-09-29 19:39:16 - -I- Fold: (1026, 1319)
2023-09-29 19:39:19 - ********** AFH Red 09 - $0.10 / $0.25 **********
***** # Hand: 70
                        “superman 007,-CO
                           
     RIWWINNER-BB  bb                       o  tisten-DE
                          sb 
                           SB 
|AC| |QC| 
State.SB 
[] 
2023-09-29 19:39:19 - -I- Allin: (1166, 625)
2023-09-29 19:39:35 - ********** AFH Red 12 - $0.10 / $0.25 **********
***** # Hand: 75
                           ‘ganjun315-CO
                              
     Joschi-Hoshi-BB  bb                       o  BamBooHolder-DE
                             sb 
                              SB 
|AS| |9H| 
State.SB_CO 
[<Location.Top: 2>] 
2023-09-29 19:39:35 - -I- Allin: (2151, 628)
2023-09-29 19:39:46 - ********** AFH Red 16 - $0.10 / $0.25 **********
***** # Hand: 73
                         NielsCrooswijk-DE
                            o 
     ~~ Dufus25-CO                         ~ Mr-D94-SB
                           bb 
                            BB 
|AH| |QC| 
State.BB_CO_SB 
[<Location.Right: 3>, <Location.Left: 1>] 
2023-09-29 19:39:46 - -I- Allin: (1196, 1312)
2023-09-29 19:39:54 - ********** AFH Red 12 - $0.10 / $0.25 **********
***** # Hand: 76
                             ‘ganjun315-BB
                                bb 
     ~ Joschi-Hoshi-SB  sb                        BamBooHolder-CO
                               o 
                                DE 
|JH| |8C| 
State.DE_CO 
[<Location.Right: 3>] 
2023-09-29 19:39:54 - -I- Fold: (1988, 619)
2023-09-29 19:39:57 - ********** AFH Red 09 - $0.10 / $0.25 **********
***** # Hand: 71
                        superman 007-BB
                           bb 
     RIWWINNER-SB  sb                        tisten-CO
                          o 
                           DE 
|QH| |JC| 
State.DE 
[] 
2023-09-29 19:39:57 - -I- Allin: (1214, 620)
2023-09-29 19:40:04 - ********** AFH Red 16 - $0.10 / $0.25 **********
***** # Hand: 74
                         NielsCrooswijk-CO
                            
     ~~ Dufus25-BB  bb                       o   Mr-D94_-DE
                           sb 
                            SB 
|6S| |2C| 
State.SB 
[] 
2023-09-29 19:40:04 - -I- Fold: (1014, 1323)
2023-09-29 19:40:12 - ********** AFH Red 12 - $0.10 / $0.25 **********
***** # Hand: 77
                             ‘ganjun315-SB
                                sb 
     ~ Joschi-Hoshi-DE  o                       bb  BamBooHolder-BB
                               
                                CO 
|AD| |6S| 
State.CO 
[] 
2023-09-29 19:40:12 - -I- Allin: (2155, 626)
2023-09-29 19:40:16 - ********** AFH Red 16 - $0.10 / $0.25 **********
***** # Hand: 75
                         NielsCrooswijk-BB
                            bb 
     ~~ Dufus25-SB  sb                        ~ Mr-D94-CO
                           o 
                            DE 
|6C| |2S| 
State.DE_CO 
[<Location.Right: 3>] 
2023-09-29 19:40:16 - -I- Fold: (1002, 1322)
2023-09-29 19:40:32 - ********** AFH Red 12 - $0.10 / $0.25 **********
***** # Hand: 78
                             ~~ ganjun315.-DE
                                o 
     ~ Joschi-Hoshi-CO                        sb  BamBooHolder-SB
                               bb 
                                BB 
|QD| |3S| 
State.BB_CO 
[<Location.Left: 1>] 
2023-09-29 19:40:32 - -I- Fold: (1977, 617)
2023-09-29 19:40:34 - ********** AFH Red 16 - $0.10 / $0.25 **********
***** # Hand: 76
                        NielsCrooswijk-SB
                           sb 
     ~ Dufus25-DE  o                       bb  ~ Mr-D94-BB
                          
                           CO 
|6H| |3C| 
State.CO 
[] 
2023-09-29 19:40:34 - -I- Fold: (1037, 1311)
2023-09-29 19:40:38 - ********** AFH Red 09 - $0.10 / $0.25 **********
***** # Hand: 73
                        superman 007-DE
                           o 
     RIWWINNER-BB  bb                        Vn050699-XX
                          sb 
                           SB 
|JC| |6S| 
State.SB_DE 
[<Location.Top: 2>] 
2023-09-29 19:40:38 - -I- Fold: (1036, 626)
2023-09-29 19:40:47 - ********** AFH Red 12 - $0.10 / $0.25 **********
***** # Hand: 79
                             ~~ ganjun315.-CO
                                
     ~ Joschi-Hoshi-BB  bb                       o  BamBooHolder-DE
                               sb 
                                SB 
|KD| |2H| 
State.SB 
[] 
2023-09-29 19:40:47 - -I- Allin: (2148, 614)
2023-09-29 19:40:58 - ********** AFH Red 16 - $0.10 / $0.25 **********
***** # Hand: 77
                       NielsCrooswijk-DE
                          o 
      Dufus25-CO                         ~ Mr-D94-SB
                         bb 
                          BB 
|10C| |2H| 
State.BB_SB 
[<Location.Right: 3>] 
2023-09-29 19:40:58 - -I- Fold: (1018, 1318)
2023-09-29 19:41:00 - ********** AFH Red 09 - $0.10 / $0.25 **********
***** # Hand: 74
                        superman 007-BB
                           bb 
     RIWWINNER-SB  sb                        Vn050699-CO
                          o 
                           DE 
|KH| |9H| 
State.DE_CO 
[<Location.Right: 3>] 
2023-09-29 19:41:00 - -I- Allin: (1178, 616)
2023-09-29 19:41:05 - ********** AFH Red 12 - $0.10 / $0.25 **********
***** # Hand: 80
                           ‘ganjun315-BB
                              bb 
     Joschi-Hoshi-SB  sb                        BamBooHolder-CO
                             o 
                              DE 
|KD| |6H| 
State.DE 
[] 
2023-09-29 19:41:05 - -I- Fold: (1989, 623)
2023-09-29 19:41:10 - ********** AFH Red 16 - $0.10 / $0.25 **********
***** # Hand: 78
                        NielsCrooswijk-CO
                           
     ~ Dufus25-BB  bb                       o   Mr-D94_-DE
                          sb 
                           SB 
|5H| |5C| 
State.SB_CO 
[<Location.Top: 2>] 
2023-09-29 19:41:10 - -I- Allin: (1202, 1314)
2023-09-29 19:41:22 - ********** AFH Red 09 - $0.10 / $0.25 **********
***** # Hand: 75
                        superman 007-SB
                           sb 
     RIWWINNER-DE  o                       bb  Vn050699-BB
                          
                           CO 
|AH| |4D| 
State.CO 
[] 
2023-09-29 19:41:22 - -I- Fold: (1010, 620)
2023-09-29 19:41:24 - ********** AFH Red 12 - $0.10 / $0.25 **********
***** # Hand: 81
                           ‘ganjun315-SB
                              sb 
     Joschi-Hoshi-DE  o                       bb  BamBooHolder-BB
                             
                              CO 
|KC| |QD| 
State.CO 
[] 
2023-09-29 19:41:24 - -I- Allin: (2167, 622)
2023-09-29 19:41:36 - ********** AFH Red 16 - $0.10 / $0.25 **********
***** # Hand: 79
                         “Aliale’® ve-BB
                            bb 
     ~~ Dufus25-SB  sb                         Mr-D94_-CO
                           o 
                            DE 
|KC| |2C| 
State.DE 
[] 
2023-09-29 19:41:36 - -I- Fold: (1027, 1311)
2023-09-29 19:41:48 - ********** AFH Red 16 - $0.10 / $0.25 **********
***** # Hand: 80
                         “Aliale’® ve-SB
                            sb 
     ~~ Dufus25-DE  o                       bb  ~ Mr-D94-BB
                           
                            CO 
|8D| |6H| 
State.CO 
[] 
2023-09-29 19:41:48 - -I- Fold: (1034, 1319)
2023-09-29 19:41:52 - ********** AFH Red 12 - $0.10 / $0.25 **********
***** # Hand: 82
                           ~~ ganjun315.-DE
                              o 
     Joschi-Hoshi-CO                         -BamBooHolder-SB
                             bb 
                              BB 
|6C| |5H| 
State.BB_CO_SB 
[<Location.Right: 3>, <Location.Left: 1>] 
2023-09-29 19:41:52 - -I- Fold: (1985, 623)
2023-09-29 19:42:02 - ********** AFH Red 16 - $0.10 / $0.25 **********
***** # Hand: 81
                        -CO
                           
     ~ Dufus25-BB  bb                       o   Mr-D94_-DE
                          sb 
                           SB 
|QH| |9C| 
State.SB 
[] 
2023-09-29 19:42:02 - -I- Allin: (1205, 1315)
2023-09-29 19:42:07 - ********** AFH Red 09 - $0.10 / $0.25 **********
***** # Hand: 77
                        superman 007-CO
                           
     RIWWINNER-BB  bb                       o   Vn050699-DE
                          sb 
                           SB 
|KD| |7S| 
State.SB_CO 
[<Location.Top: 2>] 
2023-09-29 19:42:07 - -I- Fold: (1007, 623)
2023-09-29 19:42:12 - ********** AFH Red 12 - $0.10 / $0.25 **********
***** # Hand: 83
                           —t aae-CO
                              
     Joschi-Hoshi-BB  bb                       o  \BamBooHolder |-DE
                             sb 
                              SB 
|QH| |9S| 
State.SB 
[] 
2023-09-29 19:42:12 - -I- Allin: (2153, 619)
2023-09-29 19:42:25 - ********** AFH Red 16 - $0.10 / $0.25 **********
***** # Hand: 82
                        -XX
                           
     ~ Dufus25-SB  sb                       bb  ~ Mr-D94-BB
                          o 
                           DE 
|QS| |3S| 
State.DE 
[] 
2023-09-29 19:42:25 - -I- Fold: (1027, 1320)
2023-09-29 19:42:25 - ********** AFH Red 09 - $0.10 / $0.25 **********
***** # Hand: 78
                        superman 007-BB
                           bb 
     RIWWINNER-SB  sb                        Vn050699-CO
                          o 
                           DE 
|AC| |6C| 
State.DE_CO 
[<Location.Right: 3>] 
2023-09-29 19:42:25 - -I- Allin: (1184, 619)
2023-09-29 19:42:29 - ********** AFH Red 12 - $0.10 / $0.25 **********
***** # Hand: 84
                           ee antino1e-BB
                              bb 
     Joschi-Hoshi-SB  sb                        \BamBooHolder |-CO
                             o 
                              DE 
|7C| |7C| 
State.DE 
[] 
2023-09-29 19:42:29 - -I- Allin: (2173, 619)
2023-09-29 19:42:47 - ********** AFH Red 09 - $0.10 / $0.25 **********
***** # Hand: 79
                        superman 007-SB
                           sb 
     RIWWINNER-DE  o                       bb  Vn050699-BB
                          
                           CO 
|AC| |7S| 
State.CO 
[] 
2023-09-29 19:42:47 - -I- Allin: (1199, 626)
2023-09-29 19:42:52 - ********** AFH Red 16 - $0.10 / $0.25 **********
***** # Hand: 83
                        -XX
                           
     ~ Dufus25-DE  o                       sb   Mr-D94_-SB
                          bb 
                           BB 
|AC| |4C| 
State.BB_DE 
[<Location.Left: 1>] 
2023-09-29 19:42:52 - -I- Allin: (1191, 1324)
2023-09-29 19:42:53 - ********** AFH Red 12 - $0.10 / $0.25 **********
***** # Hand: 85
                           —t aae-SB
                              sb 
     Joschi-Hoshi-DE  o                        \BamBooHolder |-XX
                             bb 
                              BB 
|JH| |4C| 
State.BB_DE 
[<Location.Left: 1>] 
2023-09-29 19:42:53 - -I- Fold: (2002, 629)
2023-09-29 19:43:03 - ********** AFH Red 12 - $0.10 / $0.25 **********
***** # Hand: 86
                           ee antino1e-DE
                              o 
     Joschi-Hoshi-BB  bb                        \BamBooHolder |-XX
                             sb 
                              SB 
|QS| |8C| 
State.SB_DE 
[<Location.Top: 2>] 
2023-09-29 19:43:03 - -I- Fold: (2008, 621)
2023-09-29 19:43:10 - ********** AFH Red 16 - $0.10 / $0.25 **********
***** # Hand: 84
                        Death Card-CO
                           
     ~ Dufus25-BB  bb                       o   Mr-D94_-DE
                          sb 
                           SB 
|AH| |3S| 
State.SB 
[] 
2023-09-29 19:43:10 - -I- Allin: (1193, 1317)
2023-09-29 19:43:15 - ********** AFH Red 09 - $0.10 / $0.25 **********
***** # Hand: 80
                           superman 007-DE
                              o 
      RIWWINNER |-CO                         Vn050699-SB
                             bb 
                              BB 
|10D| |9H| 
State.BB_DE_SB 
[<Location.Top: 2>, <Location.Right: 3>] 
2023-09-29 19:43:15 - -I- Fold: (1007, 621)
2023-09-29 19:43:26 - ********** AFH Red 12 - $0.10 / $0.25 **********
***** # Hand: 87
                           ‘ganjun315-BB
                              bb 
     Joschi-Hoshi-SB  sb                        \BamBooHolder |-CO
                             o 
                              DE 
|KS| |KH| 
State.DE 
[] 
2023-09-29 19:43:26 - -I- Allin: (2167, 619)
2023-09-29 19:43:34 - ********** AFH Red 09 - $0.10 / $0.25 **********
***** # Hand: 81
                        “Superman 007-CO
                           
     RIWWINNER-BB  bb                       o   Vn050699-DE
                          sb 
                           SB 
|7C| |6S| 
State.SB_CO 
[<Location.Top: 2>] 
2023-09-29 19:43:34 - -I- Fold: (1034, 624)
2023-09-29 19:43:35 - ********** AFH Red 16 - $0.10 / $0.25 **********
***** # Hand: 85
                        Death Card-BB
                           bb 
     ~ Dufus25-SB  sb                        ~ Mr-D94-CO
                          o 
                           DE 
|4D| |2D| 
State.DE_CO 
[<Location.Right: 3>] 
2023-09-29 19:43:35 - -I- Fold: (1014, 1316)
2023-09-29 19:43:44 - ********** AFH Red 12 - $0.10 / $0.25 **********
***** # Hand: 88
                           ~~ ganjun315.-SB
                              sb 
     Joschi-Hoshi-DE  o                        \BamBooHolder |-XX
                             bb 
                              BB 
|JD| |2C| 
State.BB_DE 
[<Location.Left: 1>] 
2023-09-29 19:43:44 - -I- Fold: (2019, 620)
2023-09-29 19:43:46 - ********** AFH Red 09 - $0.10 / $0.25 **********
***** # Hand: 82
                        “Superman 007-BB
                           bb 
     RIWWINNER-SB  sb                        Vn050699-CO
                          o 
                           DE 
|9D| |2S| 
State.DE_CO 
[<Location.Right: 3>] 
2023-09-29 19:43:46 - -I- Fold: (1036, 628)
2023-09-29 19:43:56 - ********** AFH Red 12 - $0.10 / $0.25 **********
***** # Hand: 89
                           ‘ganjun315-DE
                              o 
     Joschi-Hoshi-BB  bb                        \BamBooHolder |-XX
                             sb 
                              SB 
|6C| |2C| 
State.SB_DE 
[<Location.Top: 2>] 
2023-09-29 19:43:56 - -I- Fold: (2005, 627)
2023-09-29 19:43:57 - ********** AFH Red 09 - $0.10 / $0.25 **********
***** # Hand: 83
                        “Superman 007-SB
                           sb 
     RIWWINNER-DE  o                       bb  Vn050699-BB
                          
                           CO 
|9H| |3C| 
State.CO 
[] 
2023-09-29 19:43:57 - -I- Fold: (1032, 618)
2023-09-29 19:43:59 - ********** AFH Red 16 - $0.10 / $0.25 **********
***** # Hand: 86
                        Death Card-SB
                           sb 
     ~ Dufus25-DE  o                       bb  ~ Mr-D94-BB
                          
                           CO 
|10H| |5C| 
State.CO 
[] 
2023-09-29 19:43:59 - -I- Fold: (1013, 1316)
2023-09-29 19:44:12 - ********** AFH Red 09 - $0.10 / $0.25 **********
***** # Hand: 84
                        “Superman 007,-DE
                           o 
     RIWWINNER-CO                        sb   Vn050699-SB
                          bb 
                           BB 
|KH| |10C| 
State.BB_CO 
[<Location.Left: 1>] 
2023-09-29 19:44:12 - -I- Allin: (1189, 618)
2023-09-29 19:44:13 - ********** AFH Red 12 - $0.10 / $0.25 **********
***** # Hand: 90
                           ‘ganjun315-BB
                              bb 
     Joschi-Hoshi-SB  sb                        \BamBooHolder |-CO
                             o 
                              DE 
|8C| |4S| 
State.DE 
[] 
2023-09-29 19:44:13 - -I- Fold: (1993, 619)
2023-09-29 19:44:30 - ********** AFH Red 09 - $0.10 / $0.25 **********
***** # Hand: 85
                           “Superman 007-CO
                              
     ~~ RIWWINNER-BB  bb                       o   Vn050699-DE
                             sb 
                              SB 
|AS| |5D| 
State.SB_CO 
[<Location.Top: 2>] 
2023-09-29 19:44:30 - -I- Fold: (1036, 622)
2023-09-29 19:44:35 - ********** AFH Red 16 - $0.10 / $0.25 **********
***** # Hand: 88
               Death Card-BB
                  bb 
     -XX                        o   Mr-D94_-DE
                 sb 
                  SB 
|8D| |7D| 
State.SB 
[] 
2023-09-29 19:44:35 - -I- Allin: (1186, 1313)
2023-09-29 19:44:35 - ********** AFH Red 12 - $0.10 / $0.25 **********
***** # Hand: 91
                           ‘ganjun315-SB
                              
     Joschi-Hoshi-DE  o                        \BamBooHolder |-XX
                             bb 
                              BB 
|7D| |4H| 
State.BB_DE_SB 
[<Location.Top: 2>, <Location.Left: 1>] 
2023-09-29 19:44:35 - -I- Fold: (1999, 628)
2023-09-29 19:44:45 - ********** AFH Red 16 - $0.10 / $0.25 **********
***** # Hand: 89
               Death Card-SB
                  sb 
     -XX                        bb   Mr-D94.-BB
                 o 
                  DE 
|4C| |3S| 
State.DE 
[] 
2023-09-29 19:44:45 - -I- Fold: (1009, 1320)
2023-09-29 19:44:49 - ********** AFH Red 09 - $0.10 / $0.25 **********
***** # Hand: 86
                           “Superman 007-BB
                              bb 
     ~~ RIWWINNER-SB  sb                         Vn050699-CO
                             o 
                              DE 
|9S| |4H| 
State.DE 
[] 
2023-09-29 19:44:49 - -I- Fold: (1029, 632)
2023-09-29 19:44:54 - ********** AFH Red 12 - $0.10 / $0.25 **********
***** # Hand: 92
                           ~~ ganjun315.-DE
                              o 
     Joschi-Hoshi-BB  bb                        \BamBooHolder |-XX
                             sb 
                              SB 
|KD| |6S| 
State.SB 
[] 
2023-09-29 19:44:54 - -I- Allin: (2161, 621)
2023-09-29 19:44:57 - ********** AFH Red 16 - $0.10 / $0.25 **********
***** # Hand: 90
               Death Card-DE
                  o 
     -CO                        sb   Mr-D94_-SB
                 bb 
                  BB 
|3S| |2S| 
State.BB_DE 
[<Location.Top: 2>] 
2023-09-29 19:44:57 - -I- Fold: (1016, 1311)
2023-09-29 19:45:08 - ********** AFH Red 16 - $0.10 / $0.25 **********
***** # Hand: 91
               Death Card-BB
                  bb 
     -XX                         -XX
                 sb o 
                  SB 
|QC| |8H| 
State.SB 
[] 
2023-09-29 19:45:08 - -I- Allin: (1186, 1318)
2023-09-29 19:45:11 - ********** AFH Red 12 - $0.10 / $0.25 **********
***** # Hand: 93
                           ‘ganjun315-BB
                              bb 
     Joschi-Hoshi-SB  sb                        \BamBooHolder |-CO
                             o 
                              DE 
|JS| |JH| 
State.DE 
[] 
2023-09-29 19:45:11 - -I- Allin: (2174, 624)
2023-09-29 19:45:12 - ********** AFH Red 09 - $0.10 / $0.25 **********
***** # Hand: 87
                           “Superman 007-SB
                              
     ~~ RIWWINNER-DE  o                        -XX
                             bb 
                              BB 
|KD| |10C| 
State.BB_SB 
[<Location.Top: 2>] 
2023-09-29 19:45:12 - -I- Allin: (1194, 624)
2023-09-29 19:45:30 - ********** AFH Red 09 - $0.10 / $0.25 **********
***** # Hand: 88
                           “Superman 007,-DE
                              o 
     ~~ RIWWINNER-BB  bb                        -XX
                             sb 
                              SB 
|9S| |2C| 
State.SB 
[] 
2023-09-29 19:45:30 - -I- Fold: (1012, 626)
2023-09-29 19:45:40 - ********** AFH Red 09 - $0.10 / $0.25 **********
***** # Hand: 89
                           “Superman 007-BB
                              bb 
     ~~ RIWWINNER-SB  sb                        -CO
                             o 
                              DE 
|JD| |10D| 
State.DE 
[] 
2023-09-29 19:45:40 - -I- Allin: (1179, 615)
2023-09-29 19:45:44 - ********** AFH Red 12 - $0.10 / $0.25 **********
***** # Hand: 95
                     ‘ganjun315-SB
                        o 
     revisa-SB                         \BamBooHolder |-CO
                       bb 
                        BB 
|KD| |3S| 
State.BB_SB 
[<Location.Top: 2>] 
2023-09-29 19:45:44 - -I- Fold: (1995, 624)
2023-09-29 19:45:54 - ********** AFH Red 12 - $0.10 / $0.25 **********
***** # Hand: 96
                     -XX
                        
     revisa-BB  bb                        \BamBooHolder |-XX
                       sb o 
                        SB 
|8D| |3D| 
State.SB 
[] 
2023-09-29 19:45:54 - -I- Fold: (1981, 622)
2023-09-29 19:45:55 - ********** AFH Red 09 - $0.10 / $0.25 **********
***** # Hand: 90
                        “Superman 007-SB
                           sb 
     RIWWINNER-DE  o                       bb   Fixcki7-BB
                          
                           CO 
|QH| |4H| 
State.CO 
[] 
2023-09-29 19:45:55 - -I- Fold: (1029, 623)
2023-09-29 19:45:55 - ********** AFH Red 16 - $0.10 / $0.25 **********
***** # Hand: 94
                            7 kot9pa-DE
                               o 
     superman. 007-CO                        sb  _ Kirusha-SB
                              bb 
                               BB 
|9D| |6S| 
State.BB_DE 
[<Location.Top: 2>] 
2023-09-29 19:45:55 - -I- Fold: (1008, 1318)
2023-09-29 19:46:06 - ********** AFH Red 12 - $0.10 / $0.25 **********
***** # Hand: 97
                     -XX
                        
     revisa-SB  o                        \BamBooHolder |-XX
                       bb 
                        BB 
|9C| |2D| 
State.BB_SB 
[<Location.Left: 1>] 
2023-09-29 19:46:06 - -I- Fold: (2007, 623)
2023-09-29 19:46:13 - ********** AFH Red 16 - $0.10 / $0.25 **********
***** # Hand: 95
                           7 kot9pa-CO
                              
     superman 007-BB  bb                       o  _ Kirusha-DE
                             sb 
                              SB 
|8S| |4S| 
State.SB_CO 
[<Location.Top: 2>] 
2023-09-29 19:46:13 - -I- Fold: (1020, 1316)
2023-09-29 19:46:18 - ********** AFH Red 12 - $0.10 / $0.25 **********
***** # Hand: 98
                     -XX
                        
     revisa-BB  bb                        \BamBooHolder |-XX
                       sb o 
                        SB 
|JS| |8H| 
State.SB 
[] 
2023-09-29 19:46:18 - -I- Allin: (2155, 619)
2023-09-29 19:46:23 - ********** AFH Red 09 - $0.10 / $0.25 **********
***** # Hand: 91
                        superman 007-DE
                           o 
     RIWWINNER-CO                          Fixcki7-SB
                          bb 
                           BB 
|QC| |5H| 
State.BB_CO_DE_SB 
[<Location.Top: 2>, <Location.Right: 3>, <Location.Left: 1>] 
2023-09-29 19:46:23 - -I- Fold: (1021, 633)
2023-09-29 19:46:28 - ********** AFH Red 16 - $0.10 / $0.25 **********
***** # Hand: 96
                           7 kot9pa-BB
                              bb 
     superman 007-SB  sb                        _ Kirusha-CO
                             o 
                              DE 
|7D| |6H| 
State.DE 
[] 
2023-09-29 19:46:28 - -I- Fold: (1013, 1317)
2023-09-29 19:46:36 - ********** AFH Red 12 - $0.10 / $0.25 **********
***** # Hand: 99
                     -XX
                        
     revisa-SB  o                        \BamBooHolder |-XX
                       bb 
                        BB 
|QC| |4H| 
State.BB_SB 
[<Location.Left: 1>] 
2023-09-29 19:46:36 - -I- Fold: (1979, 628)
2023-09-29 19:46:40 - ********** AFH Red 09 - $0.10 / $0.25 **********
***** # Hand: 92
                           superman 007-BB
                              bb 
     ~~ RIWWINNER-SB  sb                        | Fixcki7-CO
                             o 
                              DE 
|AS| |10H| 
State.DE 
[] 
2023-09-29 19:46:40 - -I- Allin: (1209, 625)
2023-09-29 19:46:47 - ********** AFH Red 12 - $0.10 / $0.25 **********
***** # Hand: 100
                     -XX
                        
     revisa-BB  bb                        \BamBooHolder |-XX
                       sb o 
                        SB 
|JD| |8C| 
State.SB 
[] 
2023-09-29 19:46:47 - -I- Allin: (2151, 618)
2023-09-29 19:46:49 - ********** AFH Red 16 - $0.10 / $0.25 **********
***** # Hand: 97
                           7 kot9pa-SB
                              sb 
     superman 007-DE  o                       bb  _ Kirusha-BB
                             
                              CO 
|9S| |4H| 
State.CO 
[] 
2023-09-29 19:46:49 - -I- Fold: (1007, 1312)
2023-09-29 19:47:11 - ********** AFH Red 12 - $0.10 / $0.25 **********
***** # Hand: 102
                     -XX
                        
     revisa-BB  bb                        -XX
                       sb o 
                        SB 
|10S| |7S| 
State.SB 
[] 
2023-09-29 19:47:11 - -I- Allin: (2161, 622)
2023-09-29 19:47:14 - ********** AFH Red 09 - $0.10 / $0.25 **********
***** # Hand: 94
                           “Superman 007,-DE
                              o 
     ~~ RIWWINNER-BB  bb                        -XX
                             sb 
                              SB 
|8H| |7D| 
State.SB 
[] 
2023-09-29 19:47:14 - -I- Fold: (1015, 619)
2023-09-29 19:47:21 - ********** AFH Red 16 - $0.10 / $0.25 **********
***** # Hand: 98
                           - kot9pa-DE
                              o 
     superman 007-CO                        sb  _ Kirusha-SB
                             bb 
                              BB 
|AC| |9S| 
State.BB_CO 
[<Location.Left: 1>] 
2023-09-29 19:47:21 - -I- Allin: (1191, 1317)
2023-09-29 19:47:25 - ********** AFH Red 09 - $0.10 / $0.25 **********
***** # Hand: 95
                           “Superman 007-BB
                              bb 
     ~~ RIWWINNER-SB  sb                        -CO
                             o 
                              DE 
|QD| |5D| 
State.DE 
[] 
2023-09-29 19:47:25 - -I- Fold: (1013, 623)
2023-09-29 19:47:41 - ********** AFH Red 12 - $0.10 / $0.25 **********
***** # Hand: 104
                     -XX
                        
     revisa-BB  bb                        -XX
                       sb o 
                        SB 
|9D| |2S| 
State.SB 
[] 
2023-09-29 19:47:41 - -I- Fold: (1990, 614)
2023-09-29 19:47:42 - ********** AFH Red 16 - $0.10 / $0.25 **********
***** # Hand: 99
                           ~ kot9pa-CO
                              
     superman 007-BB  bb                       o  _ Kirusha-DE
                             sb 
                              SB 
|KC| |10H| 
State.SB_DE 
[<Location.Right: 3>] 
2023-09-29 19:47:42 - -I- Allin: (1198, 1318)
2023-09-29 19:47:52 - ********** AFH Red 09 - $0.10 / $0.25 **********
***** # Hand: 96
                           superman 007-SB
                              
      RIWWINNER |-DE  o                        -XX
                             bb 
                              BB 
|AS| |QH| 
State.BB_SB 
[<Location.Top: 2>] 
2023-09-29 19:47:52 - -I- Allin: (1180, 619)
2023-09-29 19:48:01 - ********** AFH Red 12 - $0.10 / $0.25 **********
***** # Hand: 106
                     7 rackj4. —-BB
                        bb 
     revisa-SB  sb                        TWCTKing-CO
                       o 
                        DE 
|8D| |4S| 
State.DE 
[] 
2023-09-29 19:48:01 - -I- Fold: (1983, 623)
2023-09-29 19:48:03 - ********** AFH Red 16 - $0.10 / $0.25 **********
***** # Hand: 100
                           7 kot9pa-BB
                              bb 
     superman 007-SB  sb                        _ Kirusha-CO
                             o 
                              DE 
|10H| |4S| 
State.DE 
[] 
2023-09-29 19:48:03 - -I- Fold: (1027, 1323)
2023-09-29 19:48:12 - ********** AFH Red 09 - $0.10 / $0.25 **********
***** # Hand: 97
                        “Superman 007-DE
                           o 
     RIWWINNER-BB  bb                        -XX
                          sb 
                           SB 
|JC| |6H| 
State.SB_DE 
[<Location.Top: 2>] 
2023-09-29 19:48:12 - -I- Fold: (1020, 626)
2023-09-29 19:48:12 - ********** AFH Red 12 - $0.10 / $0.25 **********
***** # Hand: 107
                     7 rackj4. —-SB
                        sb 
     revisa-DE  o                       bb  TWCTKing-BB
                       
                        CO 
|JC| |7D| 
State.CO 
[] 
2023-09-29 19:48:12 - -I- Fold: (1993, 619)
2023-09-29 19:48:17 - ********** AFH Red 16 - $0.10 / $0.25 **********
***** # Hand: 101
                           7 kot9pa-SB
                              sb 
     superman 007-DE  o                       bb  _ Kirusha-BB
                             
                              CO 
|8H| |6C| 
State.CO 
[] 
2023-09-29 19:48:17 - -I- Fold: (996, 1319)
2023-09-29 19:48:22 - ********** AFH Red 09 - $0.10 / $0.25 **********
***** # Hand: 98
                        “Superman 007-BB
                           bb 
     RIWWINNER-SB  sb                        -CO
                          o 
                           DE 
|JS| |8H| 
State.DE 
[] 
2023-09-29 19:48:22 - -I- Fold: (1025, 622)
2023-09-29 19:48:38 - ********** AFH Red 12 - $0.10 / $0.25 **********
***** # Hand: 108
                     rackj4-DE
                        o 
     revisa-CO                         TWCTKing-SB
                       bb 
                        BB 
|QS| |9C| 
State.BB_CO_SB 
[<Location.Right: 3>, <Location.Left: 1>] 
2023-09-29 19:48:38 - -I- Fold: (1993, 622)
2023-09-29 19:48:44 - ********** AFH Red 16 - $0.10 / $0.25 **********
***** # Hand: 102
                            7 kot9pa-DE
                               o 
     superman. 007-CO                        sb  _ Kirusha-SB
                              bb 
                               BB 
|9C| |4S| 
State.BB_DE 
[<Location.Top: 2>] 
2023-09-29 19:48:44 - -I- Fold: (1014, 1319)
2023-09-29 19:48:56 - ********** AFH Red 12 - $0.10 / $0.25 **********
***** # Hand: 109
                     rackj4-CO
                        
     revisa-BB  bb                       o  _ TWCTKing-DE
                       sb 
                        SB 
|AS| |4S| 
State.SB 
[] 
2023-09-29 19:48:56 - -I- Allin: (2149, 625)
2023-09-29 19:48:56 - ********** AFH Red 16 - $0.10 / $0.25 **********
***** # Hand: 103
                           ~ kot9pa-CO
                              
     superman 007-BB  bb                       o  _ Kirusha-DE
                             sb 
                              SB 
|QD| |4C| 
State.SB 
[] 
2023-09-29 19:48:56 - -I- Fold: (1047, 1318)
2023-09-29 19:48:56 - ********** AFH Red 09 - $0.10 / $0.25 **********
***** # Hand: 100
                        “Superman 007,-DE
                           o 
     RIWWINNER-BB  bb                        — 75z1-XX
                          sb 
                           SB 
|6C| |3D| 
State.SB 
[] 
2023-09-29 19:48:56 - -I- Fold: (1015, 621)
2023-09-29 19:49:07 - ********** AFH Red 16 - $0.10 / $0.25 **********
***** # Hand: 104
                           7 kot9pa-BB
                              bb 
     superman 007-SB  sb                        _ Kirusha-CO
                             o 
                              DE 
|4S| |4D| 
State.DE 
[] 
2023-09-29 19:49:07 - -I- Allin: (1199, 1316)
2023-09-29 19:49:07 - ********** AFH Red 09 - $0.10 / $0.25 **********
***** # Hand: 101
                        “Superman 007-BB
                           bb 
     RIWWINNER-SB  sb                        — 7r5z1-CO
                          o 
                           DE 
|KC| |JC| 
State.DE_CO 
[<Location.Right: 3>] 
2023-09-29 19:49:07 - -I- Allin: (1209, 619)
2023-09-29 19:49:16 - ********** AFH Red 12 - $0.10 / $0.25 **********
***** # Hand: 110
                     7 rackj4. —-BB
                        bb 
     revisa-SB  sb                        TWCTKing-CO
                       o 
                        DE 
|KC| |5C| 
State.DE_CO 
[<Location.Right: 3>] 
2023-09-29 19:49:16 - -I- Fold: (1977, 631)
2023-09-29 19:49:26 - ********** AFH Red 09 - $0.10 / $0.25 **********
***** # Hand: 102
                        superman 007-SB
                           sb 
     RIWWINNER-DE  o                       bb  — 7r5z1-BB
                          
                           CO 
|6C| |5C| 
State.CO 
[] 
2023-09-29 19:49:26 - -I- Allin: (1184, 626)
2023-09-29 19:49:28 - ********** AFH Red 16 - $0.10 / $0.25 **********
***** # Hand: 105
                           7 kot9pa-SB
                              sb 
     superman 007-DE  o                       bb  _ Kirusha-BB
                             
                              CO 
|8D| |6C| 
State.CO 
[] 
2023-09-29 19:49:28 - -I- Fold: (1028, 1312)
2023-09-29 19:49:44 - ********** AFH Red 12 - $0.10 / $0.25 **********
***** # Hand: 112
                     7 rackj4. —-DE
                        o 
     revisa-BB  bb                        -XX
                       sb 
                        SB 
|9H| |5D| 
State.SB_DE 
[<Location.Top: 2>] 
2023-09-29 19:49:44 - -I- Fold: (1983, 622)
2023-09-29 19:49:50 - ********** AFH Red 09 - $0.10 / $0.25 **********
***** # Hand: 103
                           “superman 007,-DE
                              o 
     ~~ RIWWINNER-BB  bb                        i-XX
                             sb 
                              SB 
|5S| |4D| 
State.SB 
[] 
2023-09-29 19:49:50 - -I- Fold: (1006, 619)
2023-09-29 19:49:57 - ********** AFH Red 16 - $0.10 / $0.25 **********
***** # Hand: 106
                            ~ kot9pa-DE
                               o 
     superman. 007-CO                         _ Kirusha-SB
                              bb 
                               BB 
|KD| |KH| 
State.BB_SB 
[<Location.Right: 3>] 
2023-09-29 19:49:57 - -I- Allin: (1211, 1323)
2023-09-29 19:50:01 - ********** AFH Red 09 - $0.10 / $0.25 **********
***** # Hand: 104
                           superman 007-BB
                              bb 
     ~~ RIWWINNER-SB  sb                        iksanhuguo —-CO
                             o 
                              DE 
|AS| |8H| 
State.DE 
[] 
2023-09-29 19:50:01 - -I- Allin: (1207, 618)
2023-09-29 19:50:06 - ********** AFH Red 12 - $0.10 / $0.25 **********
***** # Hand: 113
                     7 rackj4. —-BB
                        bb 
     revisa-SB  sb                        -CO
                       o 
                        DE 
|9S| |5S| 
State.DE 
[] 
2023-09-29 19:50:06 - -I- Fold: (1998, 621)
2023-09-29 19:50:15 - ********** AFH Red 09 - $0.10 / $0.25 **********
***** # Hand: 105
                           superman 007-SB
                              sb 
     ~~ RIWWINNER-DE  o                       bb  iksanhuguo —-BB
                             
                              CO 
|7C| |3D| 
State.CO 
[] 
2023-09-29 19:50:15 - -I- Fold: (1022, 616)
2023-09-29 19:50:17 - ********** AFH Red 12 - $0.10 / $0.25 **********
***** # Hand: 114
                     7 rackj4. —-SB
                        sb 
     revisa-DE  o                       bb  -stapfitho-BB
                       
                        CO 
|10D| |10H| 
State.CO 
[] 
2023-09-29 19:50:17 - -I- Allin: (2154, 629)
2023-09-29 19:50:25 - ********** AFH Red 16 - $0.10 / $0.25 **********
***** # Hand: 107
                           7 kot9pa-CO
                              
     superman 007-BB  bb                       o  _ Kirusha-DE
                             sb 
                              SB 
|JC| |5S| 
State.SB_CO 
[<Location.Top: 2>] 
2023-09-29 19:50:25 - -I- Fold: (1026, 1311)
2023-09-29 19:50:35 - ********** AFH Red 16 - $0.10 / $0.25 **********
***** # Hand: 108
               7 kot9pa-SB
                  sb 
     -XX                        bb  _ Kirusha-BB
                 o 
                  DE 
|JS| |5C| 
State.DE 
[] 
2023-09-29 19:50:35 - -I- Fold: (1008, 1314)
2023-09-29 19:50:43 - ********** AFH Red 09 - $0.10 / $0.25 **********
***** # Hand: 106
                           -CO
                              
     ~~ RIWWINNER-BB  bb                       o  iksanhuguo —-DE
                             sb 
                              SB 
|KS| |4D| 
State.SB 
[] 
2023-09-29 19:50:43 - -I- Allin: (1201, 622)
2023-09-29 19:50:45 - ********** AFH Red 12 - $0.10 / $0.25 **********
***** # Hand: 115
                     rackj4-DE
                        o 
     revisa-CO                        sb   stapfitho-SB
                       bb 
                        BB 
|JC| |5D| 
State.BB_CO 
[<Location.Left: 1>] 
2023-09-29 19:50:45 - -I- Fold: (1989, 623)
2023-09-29 19:50:57 - ********** AFH Red 12 - $0.10 / $0.25 **********
***** # Hand: 116
                     rackj4-CO
                        
     revisa-BB  bb                       o  -stapfitho-DE
                       sb 
                        SB 
|9D| |8S| 
State.SB_DE 
[<Location.Right: 3>] 
2023-09-29 19:50:57 - -I- Fold: (2008, 625)
2023-09-29 19:51:01 - ********** AFH Red 09 - $0.10 / $0.25 **********
***** # Hand: 107
                        -XX
                           
     RIWWINNER-SB  sb                       bb  iksanhuguo —-BB
                          o 
                           DE 
|QD| |6C| 
State.DE 
[] 
2023-09-29 19:51:01 - -I- Fold: (1011, 623)
2023-09-29 19:51:06 - ********** AFH Red 16 - $0.10 / $0.25 **********
***** # Hand: 110
                      ~ kot9pa-CO
                         
     — LVer7-BB  bb                       o  _ Kirusha-DE
                        sb 
                         SB 
|8D| |7D| 
State.SB 
[] 
2023-09-29 19:51:06 - -I- Allin: (1203, 1311)
2023-09-29 19:51:13 - ********** AFH Red 12 - $0.10 / $0.25 **********
***** # Hand: 117
                     7 rackj4. —-BB
                        bb 
     revisa-SB  sb                         stapfitho-CO
                       o 
                        DE 
|QS| |4C| 
State.DE 
[] 
2023-09-29 19:51:13 - -I- Fold: (1977, 619)
2023-09-29 19:51:18 - ********** AFH Red 09 - $0.10 / $0.25 **********
***** # Hand: 108
                           * 00911-XX
                              
      RIWWINNER |-DE  o                        iksanhuguo —-SB
                             bb 
                              BB 
|KC| |4D| 
State.BB_SB 
[<Location.Right: 3>] 
2023-09-29 19:51:18 - -I- Allin: (1188, 625)
2023-09-29 19:51:21 - ********** AFH Red 16 - $0.10 / $0.25 **********
***** # Hand: 111
                      7 kot9pa-BB
                         bb 
     — LVer7-SB  sb                        _ Kirusha-CO
                        o 
                         DE 
|AH| |4H| 
State.DE_CO 
[<Location.Right: 3>] 
2023-09-29 19:51:21 - -I- Allin: (1199, 1316)
2023-09-29 19:51:24 - ********** AFH Red 12 - $0.10 / $0.25 **********
***** # Hand: 118
                     7 rackj4. —-SB
                        sb 
     revisa-DE  o                       bb  -stapfitho-BB
                       
                        CO 
|KH| |10S| 
State.CO 
[] 
2023-09-29 19:51:24 - -I- Allin: (2163, 622)
2023-09-29 19:51:36 - ********** AFH Red 09 - $0.10 / $0.25 **********
***** # Hand: 109
                        * 00911-CO
                           
     RIWWINNER-BB  bb                       o  iksanhuguo —-DE
                          sb 
                           SB 
|7C| |2S| 
State.SB 
[] 
2023-09-29 19:51:36 - -I- Fold: (1005, 632)
2023-09-29 19:51:43 - ********** AFH Red 16 - $0.10 / $0.25 **********
***** # Hand: 112
                      7 kot9pa-SB
                         sb 
     — LVer7-DE  o                       bb  _ Kirusha-BB
                        
                         CO 
|JD| |10C| 
State.CO 
[] 
2023-09-29 19:51:43 - -I- Fold: (1041, 1311)
2023-09-29 19:51:48 - ********** AFH Red 09 - $0.10 / $0.25 **********
***** # Hand: 110
                        ~— (00911 --BB
                           bb 
     RIWWINNER-SB  sb                        iksanhuguo —-CO
                          o 
                           DE 
|KD| |7D| 
State.DE 
[] 
2023-09-29 19:51:48 - -I- Allin: (1186, 616)
2023-09-29 19:51:58 - ********** AFH Red 12 - $0.10 / $0.25 **********
***** # Hand: 120
               7 rackj4. —-BB
                  bb 
     -XX                        o   stapfitho-DE
                 sb 
                  SB 
|QC| |9S| 
State.SB 
[] 
2023-09-29 19:51:58 - -I- Allin: (2159, 631)
2023-09-29 19:52:01 - ********** AFH Red 16 - $0.10 / $0.25 **********
***** # Hand: 113
                     ~ kot9pa-DE
                        o 
      LVer7-CO                         _ Kirusha-SB
                       bb 
                        BB 
|6H| |6C| 
State.BB_SB 
[<Location.Right: 3>] 
2023-09-29 19:52:01 - -I- Allin: (1204, 1308)
2023-09-29 19:52:01 - ********** AFH Red 09 - $0.10 / $0.25 **********
***** # Hand: 111
                        ~— (00911 --SB
                           sb 
     RIWWINNER-DE  o                       bb  iksanhuguo —-BB
                          
                           CO 
|9H| |8D| 
State.CO 
[] 
2023-09-29 19:52:01 - -I- Fold: (1004, 616)
2023-09-29 19:52:10 - ********** AFH Red 12 - $0.10 / $0.25 **********
***** # Hand: 121
               7 rackj4. —-SB
                  sb 
     -XX                        bb  -stapfitho-BB
                 o 
                  DE 
|AH| |7D| 
State.DE 
[] 
2023-09-29 19:52:10 - -I- Allin: (2152, 623)
2023-09-29 19:52:23 - ********** AFH Red 16 - $0.10 / $0.25 **********
***** # Hand: 114
                      ~ kot9pa-CO
                         
     — LVer7-BB  bb                       o  _ Kirusha-DE
                        sb 
                         SB 
|KH| |7S| 
State.SB 
[] 
2023-09-29 19:52:23 - -I- Allin: (1186, 1324)
2023-09-29 19:52:26 - ********** AFH Red 09 - $0.10 / $0.25 **********
***** # Hand: 112
                        ee ne-DE
                           o 
     RIWWINNER-CO                        sb  iksanhuguo —-SB
                          bb 
                           BB 
|9C| |4H| 
State.BB_CO 
[<Location.Left: 1>] 
2023-09-29 19:52:26 - -I- Fold: (1011, 623)
2023-09-29 19:52:37 - ********** AFH Red 09 - $0.10 / $0.25 **********
***** # Hand: 113
                        ee ne-CO
                           
     RIWWINNER-BB  bb                       o  iksanhuguo —-DE
                          sb 
                           SB 
|AH| |JS| 
State.SB_DE 
[<Location.Right: 3>] 
2023-09-29 19:52:37 - -I- Allin: (1196, 624)
2023-09-29 19:52:38 - ********** AFH Red 12 - $0.10 / $0.25 **********
***** # Hand: 122
                       rackj4-DE
                          o 
     ~ Mr-D94-BB  bb                        | stapfitho-XX
                         sb 
                          SB 
|JC| |6S| 
State.SB 
[] 
2023-09-29 19:52:38 - -I- Fold: (1988, 620)
2023-09-29 19:52:43 - ********** AFH Red 16 - $0.10 / $0.25 **********
***** # Hand: 115
                      7 kot9pa-BB
                         bb 
     — LVer7-SB  sb                        _ Kirusha-CO
                        o 
                         DE 
|QS| |10H| 
State.DE_CO 
[<Location.Right: 3>] 
2023-09-29 19:52:43 - -I- Fold: (1022, 1319)
2023-09-29 19:52:49 - ********** AFH Red 12 - $0.10 / $0.25 **********
***** # Hand: 123
                       7 rackj4. —-BB
                          bb 
     ~ Mr-D94-SB  sb                        -CO
                         o 
                          DE 
|5H| |4S| 
State.DE 
[] 
2023-09-29 19:52:49 - -I- Fold: (1991, 621)
2023-09-29 19:52:57 - ********** AFH Red 09 - $0.10 / $0.25 **********
***** # Hand: 114
                           ~— (00911 --BB
                              bb 
     ~~ RIWWINNER-SB  sb                        iksanhuguo —-CO
                             o 
                              DE 
|KH| |JC| 
State.DE 
[] 
2023-09-29 19:52:57 - -I- Allin: (1196, 616)
2023-09-29 19:52:59 - ********** AFH Red 12 - $0.10 / $0.25 **********
***** # Hand: 124
                       7 rackj4. —-SB
                          sb 
     ~ Mr-D94-DE  o                       bb  -stapfitho-BB
                         
                          CO 
|9S| |5H| 
State.CO 
[] 
2023-09-29 19:52:59 - -I- Fold: (1993, 626)
2023-09-29 19:53:04 - ********** AFH Red 16 - $0.10 / $0.25 **********
***** # Hand: 116
                      7 kot9pa-SB
                         sb 
     — LVer7-DE  o                       bb  _ Kirusha-BB
                        
                         CO 
|QD| |6C| 
State.CO 
[] 
2023-09-29 19:53:04 - -I- Fold: (1023, 1316)
2023-09-29 19:53:24 - ********** AFH Red 09 - $0.10 / $0.25 **********
***** # Hand: 115
                           ~— (00911 --SB
                              sb 
     ~~ RIWWINNER-DE  o                       bb  iksanhuguo —-BB
                             
                              CO 
|10C| |4H| 
State.CO 
[] 
2023-09-29 19:53:24 - -I- Fold: (1031, 624)
2023-09-29 19:53:26 - ********** AFH Red 16 - $0.10 / $0.25 **********
***** # Hand: 117
                      ~ kot9pa-DE
                         o 
     — LVer7-CO                        sb  _ Kirusha-SB
                        bb 
                         BB 
|9S| |3C| 
State.BB_CO 
[<Location.Left: 1>] 
2023-09-29 19:53:26 - -I- Fold: (1022, 1322)
2023-09-29 19:53:29 - ********** AFH Red 12 - $0.10 / $0.25 **********
***** # Hand: 126
                       7 rackj4. —-CO
                          
     ~ Mr-D94-BB  bb                       o   stapfitho-DE
                         sb 
                          SB 
|6S| |4C| 
State.SB_CO 
[<Location.Top: 2>] 
2023-09-29 19:53:29 - -I- Fold: (2006, 627)
2023-09-29 19:53:40 - ********** AFH Red 16 - $0.10 / $0.25 **********
***** # Hand: 118
                      7 kot9pa-CO
                         
     — LVer7-BB  bb                       o  _ Kirusha-DE
                        sb 
                         SB 
|AC| |6C| 
State.SB_CO_DE 
[<Location.Top: 2>, <Location.Right: 3>] 
2023-09-29 19:53:40 - -I- Fold: (1029, 1320)
2023-09-29 19:53:44 - ********** AFH Red 09 - $0.10 / $0.25 **********
***** # Hand: 116
                           ~— (00911 --SB
                              sb o 
     ~~ RIWWINNER-XX                         iksanhuguo —-XX
                             bb 
                              BB 
|9S| |2C| 
State.BB_DE_SB 
[<Location.Right: 3>, <Location.Left: 1>] 
2023-09-29 19:53:44 - -I- Fold: (1020, 625)
2023-09-29 19:53:45 - ********** AFH Red 12 - $0.10 / $0.25 **********
***** # Hand: 127
                       7 rackj4. —-BB
                          bb 
     ~ Mr-D94-SB  sb                         stapfitho-CO
                         o 
                          DE 
|7D| |3S| 
State.DE 
[] 
2023-09-29 19:53:45 - -I- Fold: (1989, 625)
2023-09-29 19:53:58 - ********** AFH Red 16 - $0.10 / $0.25 **********
***** # Hand: 119
                     7 kot9pa-BB
                        bb 
      LVer7-SB  sb                        _ Kirusha-CO
                       o 
                        DE 
|9D| |9H| 
State.DE_CO 
[<Location.Right: 3>] 
2023-09-29 19:53:58 - -I- Allin: (1199, 1315)
2023-09-29 19:53:59 - ********** AFH Red 12 - $0.10 / $0.25 **********
***** # Hand: 128
                        7 rackj4. —-SB
                           
     — Mr-D94--DE  o                        -XX
                          bb 
                           BB 
|JD| |2S| 
State.BB_SB 
[<Location.Top: 2>] 
2023-09-29 19:53:59 - -I- Fold: (1982, 623)
2023-09-29 19:54:01 - ********** AFH Red 09 - $0.10 / $0.25 **********
***** # Hand: 117
                           ~— (00911 --BB
                              bb 
     ~~ RIWWINNER-SB  sb                        i-CO
                             o 
                              DE 
|QS| |8S| 
State.DE 
[] 
2023-09-29 19:54:01 - -I- Allin: (1181, 624)
2023-09-29 19:54:10 - ********** AFH Red 12 - $0.10 / $0.25 **********
***** # Hand: 129
                       rackj4-DE
                          o 
     ~ Mr-D94-BB  bb                        -XX
                         sb 
                          SB 
|8S| |6D| 
State.SB 
[] 
2023-09-29 19:54:10 - -I- Fold: (1985, 624)
2023-09-29 19:54:18 - ********** AFH Red 09 - $0.10 / $0.25 **********
***** # Hand: 118
                           ~— (00911 --SB
                              sb 
     ~~ RIWWINNER-DE  o                       bb  StPatrik_2020_-BB
                             
                              CO 
|AH| |9H| 
State.CO 
[] 
2023-09-29 19:54:18 - -I- Allin: (1183, 626)
2023-09-29 19:54:18 - ********** AFH Red 16 - $0.10 / $0.25 **********
***** # Hand: 120
                     7 kot9pa-SB
                        sb 
      LVer7-DE  o                       bb  _ Kirusha-BB
                       
                        CO 
|KH| |4C| 
State.CO 
[] 
2023-09-29 19:54:18 - -I- Fold: (1000, 1319)
2023-09-29 19:54:21 - ********** AFH Red 12 - $0.10 / $0.25 **********
***** # Hand: 130
                       7 rackj4. —-BB
                          bb 
     ~ Mr-D94-SB  sb                        LuckyTheRac3r-CO
                         o 
                          DE 
|AC| |7H| 
State.DE 
[] 
2023-09-29 19:54:21 - -I- Allin: (2163, 616)
2023-09-29 19:54:33 - ********** AFH Red 12 - $0.10 / $0.25 **********
***** # Hand: 131
                       7 rackj4. —-SB
                          sb 
     ~ Mr-D94-DE  o                       bb  LuckyTheRac3r-BB
                         
                          CO 
|7C| |3C| 
State.CO 
[] 
2023-09-29 19:54:33 - -I- Fold: (1976, 621)
2023-09-29 19:54:36 - ********** AFH Red 16 - $0.10 / $0.25 **********
***** # Hand: 121
                     ~ kot9pa-DE
                        o 
      LVer7-CO                        sb  _ Kirusha-SB
                       bb 
                        BB 
|5C| |3C| 
State.BB_CO 
[<Location.Left: 1>] 
2023-09-29 19:54:36 - -I- Fold: (1011, 1315)
2023-09-29 19:54:48 - ********** AFH Red 09 - $0.10 / $0.25 **********
***** # Hand: 119
                           ee ne-DE
                              o 
     ~~ RIWWINNER-CO                         StPatrik_2020_-SB
                             bb 
                              BB 
|7H| |3S| 
State.BB_CO_SB 
[<Location.Right: 3>, <Location.Left: 1>] 
2023-09-29 19:54:48 - -I- Fold: (1019, 616)
2023-09-29 19:54:50 - ********** AFH Red 16 - $0.10 / $0.25 **********
***** # Hand: 122
                     7 kot9pa-CO
                        
      LVer7-BB  bb                       o  _ Kirusha-DE
                       sb 
                        SB 
|10D| |7C| 
State.SB_CO_DE 
[<Location.Top: 2>, <Location.Right: 3>] 
2023-09-29 19:54:50 - -I- Fold: (1028, 1329)
2023-09-29 19:54:59 - ********** AFH Red 12 - $0.10 / $0.25 **********
***** # Hand: 132
                        rackj4-DE
                           o 
     — Mr-D94--CO                         LuckyTheRac3r-SB
                          bb 
                           BB 
|KC| |5S| 
State.BB_SB 
[<Location.Right: 3>] 
2023-09-29 19:54:59 - -I- Allin: (2141, 622)
2023-09-29 19:55:08 - ********** AFH Red 16 - $0.10 / $0.25 **********
***** # Hand: 123
                     7 kot9pa-BB
                        bb 
      LVer7-SB  sb                        _ Kirusha-CO
                       o 
                        DE 
|QD| |7D| 
State.DE 
[] 
2023-09-29 19:55:08 - -I- Fold: (1021, 1323)
2023-09-29 19:55:15 - ********** AFH Red 09 - $0.10 / $0.25 **********
***** # Hand: 120
                           00g11-CO
                              
     ~~ RIWWINNER-BB  bb                       o  StPatrik_2020-DE
                             sb 
                              SB 
|4S| |4C| 
State.SB 
[] 
2023-09-29 19:55:15 - -I- Allin: (1172, 624)
2023-09-29 19:55:17 - ********** AFH Red 12 - $0.10 / $0.25 **********
***** # Hand: 133
                       rackj4-CO
                          
     ~ Mr-D94-BB  bb                       o  LuckyTt heRac3r-DE
                         sb 
                          SB 
|JS| |2S| 
State.SB 
[] 
2023-09-29 19:55:17 - -I- Fold: (1981, 628)
2023-09-29 19:55:20 - ********** AFH Red 16 - $0.10 / $0.25 **********
***** # Hand: 124
                      7 kot9pa-SB
                         sb 
     — LVer7-DE  o                       bb  _ Kirusha-BB
                        
                         CO 
|AD| |7D| 
State.CO 
[] 
2023-09-29 19:55:20 - -I- Allin: (1198, 1318)
2023-09-29 19:55:28 - ********** AFH Red 12 - $0.10 / $0.25 **********
***** # Hand: 134
                       7 rackj4. —-BB
                          bb 
     ~ Mr-D94-SB  sb                        LuckyTt heRac3r-CO
                         o 
                          DE 
|QC| |7S| 
State.DE 
[] 
2023-09-29 19:55:28 - -I- Fold: (2015, 621)
2023-09-29 19:55:34 - ********** AFH Red 09 - $0.10 / $0.25 **********
***** # Hand: 121
                           7 00911-BB
                              bb 
     ~~ RIWWINNER-SB  sb                        StPatrik_2020_-CO
                             o 
                              DE 
|JS| |5D| 
State.DE_CO 
[<Location.Right: 3>] 
2023-09-29 19:55:34 - -I- Fold: (1013, 629)
2023-09-29 19:55:40 - ********** AFH Red 12 - $0.10 / $0.25 **********
***** # Hand: 135
                       7 rackj4. —-SB
                          sb 
     ~ Mr-D94-DE  o                       bb  LuckyTheRac3r-BB
                         
                          CO 
|JC| |3D| 
State.CO 
[] 
2023-09-29 19:55:40 - -I- Fold: (1983, 621)
2023-09-29 19:55:54 - ********** AFH Red 12 - $0.10 / $0.25 **********
***** # Hand: 136
                       -DE
                          o 
     ~ Mr-D94-CO                        sb  LuckyTt heRac3r-SB
                         bb 
                          BB 
|10D| |7S| 
State.BB_CO 
[<Location.Left: 1>] 
2023-09-29 19:55:54 - -I- Fold: (1981, 624)
2023-09-29 19:56:05 - ********** AFH Red 16 - $0.10 / $0.25 **********
***** # Hand: 126
                      ~ kot9pa-CO
                         
     — LVer7-BB  bb                       o  _ Kirusha-DE
                        sb 
                         SB 
|KD| |5C| 
State.SB 
[] 
2023-09-29 19:56:05 - -I- Allin: (1196, 1320)
2023-09-29 19:56:06 - ********** AFH Red 12 - $0.10 / $0.25 **********
***** # Hand: 137
                       -CO
                          
     ~ Mr-D94-BB  bb                       o  LuckyTheRac3r-DE
                         sb 
                          SB 
|KC| |10D| 
State.SB_DE 
[<Location.Right: 3>] 
2023-09-29 19:56:06 - -I- Allin: (2150, 618)
2023-09-29 19:56:07 - ********** AFH Red 09 - $0.10 / $0.25 **********
***** # Hand: 123
                           7 00911-DE
                              o 
     ~~ RIWWINNER-BB  bb                        -XX
                             sb 
                              SB 
|10C| |5C| 
State.SB_DE 
[<Location.Top: 2>] 
2023-09-29 19:56:07 - -I- Fold: (1029, 619)
2023-09-29 19:56:21 - ********** AFH Red 16 - $0.10 / $0.25 **********
***** # Hand: 127
                      7 kot9pa-BB
                         bb 
     — LVer7-SB  sb                        _ Kirusha-CO
                        o 
                         DE 
|QH| |3H| 
State.DE_CO 
[<Location.Right: 3>] 
2023-09-29 19:56:21 - -I- Fold: (1020, 1316)
2023-09-29 19:56:22 - ********** AFH Red 12 - $0.10 / $0.25 **********
***** # Hand: 138
                       -XX
                          
     ~ Mr-D94-SB  sb                       bb  LuckyTheRac3r-BB
                         o 
                          DE 
|JD| |4D| 
State.DE 
[] 
2023-09-29 19:56:22 - -I- Fold: (2000, 622)
2023-09-29 19:56:25 - ********** AFH Red 09 - $0.10 / $0.25 **********
***** # Hand: 124
                           7 00911-BB
                              bb 
     ~~ RIWWINNER-SB  sb                        -CO
                             o 
                              DE 
|JD| |8S| 
State.DE 
[] 
2023-09-29 19:56:25 - -I- Fold: (1016, 615)
2023-09-29 19:56:35 - ********** AFH Red 12 - $0.10 / $0.25 **********
***** # Hand: 139
                        -XX
                           
     — Mr-D94--DE  o                        LuckyTheRac3r-SB
                          bb 
                           BB 
|8C| |6H| 
State.BB_SB 
[<Location.Right: 3>] 
2023-09-29 19:56:35 - -I- Fold: (1995, 626)
2023-09-29 19:56:45 - ********** AFH Red 16 - $0.10 / $0.25 **********
***** # Hand: 128
                      7 kot9pa-SB
                         sb 
     — LVer7-DE  o                       bb  _ Kirusha-BB
                        
                         CO 
|8D| |5D| 
State.CO 
[] 
2023-09-29 19:56:45 - -I- Allin: (1186, 1320)
2023-09-29 19:56:46 - ********** AFH Red 09 - $0.10 / $0.25 **********
***** # Hand: 125
                           ~— (00911 --SB
                              sb 
     ~~ RIWWINNER-DE  o                       bb  youhebaba1-BB
                             
                              CO 
|KD| |JC| 
State.CO 
[] 
2023-09-29 19:56:46 - -I- Allin: (1181, 624)
2023-09-29 19:56:47 - ********** AFH Red 12 - $0.10 / $0.25 **********
***** # Hand: 140
                       -CO
                          
     ~ Mr-D94-BB  bb                       o  LuckyTt heRac3r-DE
                         sb 
                          SB 
|AS| |KH| 
State.SB 
[] 
2023-09-29 19:56:47 - -I- Allin: (2167, 616)
2023-09-29 19:57:04 - ********** AFH Red 12 - $0.10 / $0.25 **********
***** # Hand: 141
                       -XX
                          
     ~ Mr-D94-BB  bb                        -XX
                         sb o 
                          SB 
|QS| |4H| 
State.SB 
[] 
2023-09-29 19:57:04 - -I- Fold: (1988, 621)
2023-09-29 19:57:11 - ********** AFH Red 16 - $0.10 / $0.25 **********
***** # Hand: 129
               7 kot9pa-DE
                  o 
     -CO                         _ Kirusha-SB
                 bb 
                  BB 
|QD| |QC| 
State.BB_DE_SB 
[<Location.Top: 2>, <Location.Right: 3>] 
2023-09-29 19:57:11 - -I- Allin: (1212, 1317)
2023-09-29 19:57:14 - ********** AFH Red 09 - $0.10 / $0.25 **********
***** # Hand: 126
                           ~— (00911 --DE
                              o 
     ~~ RIWWINNER-CO                        sb  _ youhebaba1-SB
                             bb 
                              BB 
|KD| |8H| 
State.BB_CO_DE 
[<Location.Top: 2>, <Location.Left: 1>] 
2023-09-29 19:57:14 - -I- Fold: (1022, 626)
2023-09-29 19:57:31 - ********** AFH Red 16 - $0.10 / $0.25 **********
***** # Hand: 130
                          ~ kot9pa-CO
                             
     -lofrehal —-BB  bb                       o  _ Kirusha-DE
                            sb 
                             SB 
|KH| |5S| 
State.SB_DE 
[<Location.Right: 3>] 
2023-09-29 19:57:31 - -I- Fold: (1019, 1320)
2023-09-29 19:57:32 - ********** AFH Red 09 - $0.10 / $0.25 **********
***** # Hand: 127
                           7 00911-CO
                              
     ~~ RIWWINNER-BB  bb                       o  _ youhebaba1-DE
                             sb 
                              SB 
|QD| |6S| 
State.SB_CO 
[<Location.Top: 2>] 
2023-09-29 19:57:32 - -I- Fold: (1027, 620)
2023-09-29 19:57:46 - ********** AFH Red 09 - $0.10 / $0.25 **********
***** # Hand: 128
                           7 00911-BB
                              bb 
     ~~ RIWWINNER-SB  sb                        _ youhebaba1-CO
                             o 
                              DE 
|KC| |10D| 
State.DE 
[] 
2023-09-29 19:57:46 - -I- Allin: (1196, 623)
2023-09-29 19:57:48 - ********** AFH Red 12 - $0.10 / $0.25 **********
***** # Hand: 142
                           -XX
                              
     petrovich 86-DE  o                       sb  _Tomtomdwan-SB
                             bb 
                              BB 
|AS| |6S| 
State.BB_DE 
[<Location.Left: 1>] 
2023-09-29 19:57:48 - -I- Allin: (2174, 621)
2023-09-29 19:57:49 - ********** AFH Red 16 - $0.10 / $0.25 **********
***** # Hand: 131
                          7 kot9pa-BB
                             bb 
     -lofrehal —-SB  sb                        _ Kirusha-CO
                            o 
                             DE 
|6S| |6D| 
State.DE 
[] 
2023-09-29 19:57:49 - -I- Allin: (1197, 1314)
2023-09-29 19:58:00 - ********** AFH Red 09 - $0.10 / $0.25 **********
***** # Hand: 129
                           7 00911-SB
                              sb 
     ~~ RIWWINNER-DE  o                       bb  youhebaba1-BB
                             
                              CO 
|6S| |3H| 
State.CO 
[] 
2023-09-29 19:58:00 - -I- Fold: (1007, 618)
2023-09-29 19:58:01 - ********** AFH Red 16 - $0.10 / $0.25 **********
***** # Hand: 132
                          7 kot9pa-SB
                             sb 
     -lofrehal —-DE  o                       bb  _ Kirusha-BB
                            
                             CO 
|8S| |2C| 
State.CO 
[] 
2023-09-29 19:58:01 - -I- Fold: (1020, 1315)
2023-09-29 19:58:11 - ********** AFH Red 12 - $0.10 / $0.25 **********
***** # Hand: 143
                           -CO
                              
     petrovich 86-BB  bb                       o  _Tomtomdwan-DE
                             sb 
                              SB 
|AC| |5D| 
State.SB 
[] 
2023-09-29 19:58:11 - -I- Allin: (2176, 624)
2023-09-29 19:58:21 - ********** AFH Red 09 - $0.10 / $0.25 **********
***** # Hand: 130
                           00g11-DE
                              o 
     ~~ RIWWINNER-CO                         youhebaba1-SB
                             bb 
                              BB 
|AH| |8H| 
State.BB_SB 
[<Location.Right: 3>] 
2023-09-29 19:58:21 - -I- Allin: (1182, 623)
2023-09-29 19:58:27 - ********** AFH Red 12 - $0.10 / $0.25 **********
***** # Hand: 144
                           -XX
                              
     petrovich 86-SB  sb                       bb  Tomtomdwan-BB
                             o 
                              DE 
|8C| |6S| 
State.DE 
[] 
2023-09-29 19:58:27 - -I- Fold: (1993, 619)
2023-09-29 19:58:37 - ********** AFH Red 16 - $0.10 / $0.25 **********
***** # Hand: 133
                          ~ kot9pa-DE
                             o 
      lofrehal —-CO                         _ Kirusha-SB
                            bb 
                             BB 
|9C| |5S| 
State.BB_SB 
[<Location.Right: 3>] 
2023-09-29 19:58:37 - -I- Fold: (1012, 1318)
2023-09-29 19:58:42 - ********** AFH Red 09 - $0.10 / $0.25 **********
***** # Hand: 131
                           7 00911-CO
                              
     ~~ RIWWINNER-BB  bb                       o  youhebaba1-DE
                             sb 
                              SB 
|7D| |6D| 
State.SB_CO_DE 
[<Location.Top: 2>, <Location.Right: 3>] 
2023-09-29 19:58:42 - -I- Allin: (1204, 621)
2023-09-29 19:58:52 - ********** AFH Red 16 - $0.10 / $0.25 **********
***** # Hand: 134
                          ~ kot9pa-CO
                             
     -lofrehal —-BB  bb                       o  _ Kirusha-DE
                            sb 
                             SB 
|8H| |3H| 
State.SB_DE 
[<Location.Right: 3>] 
2023-09-29 19:58:52 - -I- Fold: (1016, 1314)
2023-09-29 19:59:04 - ********** AFH Red 09 - $0.10 / $0.25 **********
***** # Hand: 132
                           7 00911-BB
                              bb 
     ~~ RIWWINNER-SB  sb                        -CO
                             o 
                              DE 
|KC| |JD| 
State.DE 
[] 
2023-09-29 19:59:04 - -I- Allin: (1186, 628)
2023-09-29 19:59:13 - ********** AFH Red 12 - $0.10 / $0.25 **********
***** # Hand: 146
               7 rackj4. —-BB
                  bb 
     -XX                         -XX
                 sb o 
                  SB 
|8H| |5S| 
State.SB 
[] 
2023-09-29 19:59:13 - -I- Fold: (1995, 622)
2023-09-29 19:59:14 - ********** AFH Red 16 - $0.10 / $0.25 **********
***** # Hand: 135
                          7 kot9pa-BB
                             bb 
     -lofrehal —-SB  sb                        _ Kirusha-CO
                            o 
                             DE 
|AC| |5D| 
State.DE 
[] 
2023-09-29 19:59:14 - -I- Allin: (1203, 1322)
2023-09-29 19:59:26 - ********** AFH Red 16 - $0.10 / $0.25 **********
***** # Hand: 136
                          7 kot9pa-SB
                             sb 
     -lofrehal —-DE  o                       bb  _ Kirusha-BB
                            
                             CO 
|6S| |6C| 
State.CO 
[] 
2023-09-29 19:59:26 - -I- Allin: (1192, 1320)
2023-09-29 19:59:26 - ********** AFH Red 12 - $0.10 / $0.25 **********
***** # Hand: 147
                         rackj4-DE
                            o 
     -Rockdom —-BB  bb                        -XX
                           sb 
                            SB 
|QD| |2S| 
State.SB 
[] 
2023-09-29 19:59:26 - -I- Fold: (1987, 624)
2023-09-29 19:59:31 - ********** AFH Red 09 - $0.10 / $0.25 **********
***** # Hand: 133
                           00g11-SB
                              sb 
     ~~ RIWWINNER-DE  o                        i-XX
                             bb 
                              BB 
|AH| |6H| 
State.BB_DE 
[<Location.Left: 1>] 
2023-09-29 19:59:31 - -I- Allin: (1187, 625)
2023-09-29 19:59:38 - ********** AFH Red 12 - $0.10 / $0.25 **********
***** # Hand: 148
                         7 rackj4. —-BB
                            bb 
     -Rockdom —-SB  sb                        muniani3muniano-CO
                           o 
                            DE 
|JC| |5C| 
State.DE 
[] 
2023-09-29 19:59:38 - -I- Fold: (1997, 619)
2023-09-29 19:59:49 - ********** AFH Red 12 - $0.10 / $0.25 **********
***** # Hand: 149
                         7 rackj4. —-SB
                            sb 
     -Rockdom —-DE  o                       bb  -BB
                           
                            CO 
|KH| |7S| 
State.CO 
[] 
2023-09-29 19:59:49 - -I- Fold: (1995, 617)
2023-09-29 19:59:53 - ********** AFH Red 09 - $0.10 / $0.25 **********
***** # Hand: 134
                           00g11-DE
                              o 
     ~~ RIWWINNER-BB  bb                        -gelatooo-XX
                             sb 
                              SB 
|KC| |QD| 
State.SB 
[] 
2023-09-29 19:59:53 - -I- Allin: (1200, 616)
2023-09-29 20:00:02 - ********** AFH Red 16 - $0.10 / $0.25 **********
***** # Hand: 138
                          ~ kot9pa-CO
                             
     -lofrehal —-BB  bb                       o  _ Kirusha-DE
                            sb 
                             SB 
|7C| |2S| 
State.SB 
[] 
2023-09-29 20:00:02 - -I- Fold: (1035, 1318)
2023-09-29 20:00:06 - ********** AFH Red 12 - $0.10 / $0.25 **********
***** # Hand: 150
                        rackj4-DE
                           o 
     ~ Rockdom-CO                         -SB
                          bb 
                           BB 
|KC| |7D| 
State.BB_SB 
[<Location.Right: 3>] 
2023-09-29 20:00:06 - -I- Allin: (2151, 622)
2023-09-29 20:00:10 - -I- AFH Red 09 - $0.10 / $0.25 Incompatible table structure
2023-09-29 20:00:10 - -E- AFH Red 09 - $0.10 / $0.25 Incompatible table structure, Guessing State.CO
2023-09-29 20:00:10 - ********** AFH Red 09 - $0.10 / $0.25 **********
***** # Hand: 134
                           7 00911-XX
                              bb o 
     ~~ RIWWINNER-XX  sb                        -gelatooo-XX
                             
                              XX 
|AD| |2S| 
State.CO 
[] 
2023-09-29 20:00:10 - -I- Fold: (1028, 624)
2023-09-29 20:00:14 - ********** AFH Red 16 - $0.10 / $0.25 **********
***** # Hand: 139
                          7 kot9pa-BB
                             bb 
     -lofrehal —-SB  sb                        _ Kirusha-CO
                            o 
                             DE 
|9D| |3C| 
State.DE 
[] 
2023-09-29 20:00:14 - -I- Fold: (1025, 1321)
2023-09-29 20:00:26 - ********** AFH Red 12 - $0.10 / $0.25 **********
***** # Hand: 151
                         rackj4-CO
                            
     -Rockdom —-BB  bb                       o  muniani3muniano-DE
                           sb 
                            SB 
|KD| |7H| 
State.SB 
[] 
2023-09-29 20:00:26 - -I- Allin: (2169, 620)
2023-09-29 20:00:29 - ********** AFH Red 16 - $0.10 / $0.25 **********
***** # Hand: 140
                          7 kot9pa-SB
                             
      lofrehal —-DE  o                        -XX
                            bb 
                             BB 
|5C| |4S| 
State.BB_SB 
[<Location.Top: 2>] 
2023-09-29 20:00:29 - -I- Fold: (1020, 1321)
2023-09-29 20:00:31 - ********** AFH Red 09 - $0.10 / $0.25 **********
***** # Hand: 136
                           7 00911-SB
                              sb 
     ~~ RIWWINNER-DE  o                       bb  -gelatooo-BB
                             
                              CO 
|KC| |5C| 
State.CO 
[] 
2023-09-29 20:00:31 - -I- Fold: (1013, 618)
2023-09-29 20:00:39 - ********** AFH Red 12 - $0.10 / $0.25 **********
***** # Hand: 152
                         7 rackj4. —-BB
                            bb 
     -Rockdom —-SB  sb                        muniani3muniano-CO
                           o 
                            DE 
|AC| |8D| 
State.DE 
[] 
2023-09-29 20:00:39 - -I- Allin: (2157, 620)
2023-09-29 20:00:42 - ********** AFH Red 16 - $0.10 / $0.25 **********
***** # Hand: 141
                          ~ kot9pa-DE
                             o 
     -lofrehal —-BB  bb                        luckteng12-XX
                            sb 
                             SB 
|10H| |5D| 
State.SB 
[] 
2023-09-29 20:00:42 - -I- Fold: (1017, 1316)
2023-09-29 20:00:46 - ********** AFH Red 09 - $0.10 / $0.25 **********
***** # Hand: 137
               00g11-DE
                  o 
     -CO                         -gelatooo-SB
                 bb 
                  BB 
|10D| |6S| 
State.BB_SB 
[<Location.Right: 3>] 
2023-09-29 20:00:46 - -I- Fold: (1021, 613)
2023-09-29 20:00:54 - ********** AFH Red 16 - $0.10 / $0.25 **********
***** # Hand: 142
                          7 kot9pa-BB
                             bb 
     -lofrehal —-SB  sb                        ~ luckteng12-CO
                            o 
                             DE 
|8H| |6S| 
State.DE 
[] 
2023-09-29 20:00:54 - -I- Fold: (1007, 1319)
2023-09-29 20:00:57 - ********** AFH Red 12 - $0.10 / $0.25 **********
***** # Hand: 153
                         7 rackj4. —-SB
                            sb 
     -Rockdom —-DE  o                       bb  -BB
                           
                            CO 
|KC| |4S| 
State.CO 
[] 
2023-09-29 20:00:57 - -I- Fold: (1999, 622)
2023-09-29 20:00:58 - ********** AFH Red 09 - $0.10 / $0.25 **********
***** # Hand: 138
               7 00911-BB
                  bb 
     -XX                        o  -gelatooo-DE
                 sb 
                  SB 
|6D| |4C| 
State.SB_DE 
[<Location.Right: 3>] 
2023-09-29 20:00:58 - -I- Fold: (1020, 621)
2023-09-29 20:01:06 - ********** AFH Red 16 - $0.10 / $0.25 **********
***** # Hand: 143
                          7 kot9pa-SB
                             sb 
     -lofrehal —-DE  o                       bb  luckteng12-BB
                            
                             CO 
|QD| |5C| 
State.CO 
[] 
2023-09-29 20:01:06 - -I- Fold: (1031, 1312)
2023-09-29 20:01:08 - ********** AFH Red 09 - $0.10 / $0.25 **********
***** # Hand: 139
               7 00911-SB
                  sb 
     -XX                        bb  -gelatooo-BB
                 o 
                  DE 
|JC| |6D| 
State.DE 
[] 
2023-09-29 20:01:08 - -I- Fold: (1009, 625)
2023-09-29 20:01:13 - ********** AFH Red 12 - $0.10 / $0.25 **********
***** # Hand: 154
                        rackj4-DE
                           o 
     ~ Rockdom-CO                         -SB
                          bb 
                           BB 
|4C| |2C| 
State.BB_SB 
[<Location.Right: 3>] 
2023-09-29 20:01:13 - -I- Fold: (2008, 623)
2023-09-29 20:01:27 - ********** AFH Red 09 - $0.10 / $0.25 **********
***** # Hand: 141
               7 00911-BB
                  bb 
     -XX                        o  -gelatooo-DE
                 sb 
                  SB 
|KH| |4S| 
State.SB_DE 
[<Location.Right: 3>] 
2023-09-29 20:01:27 - -I- Fold: (1023, 618)
2023-09-29 20:01:31 - ********** AFH Red 16 - $0.10 / $0.25 **********
***** # Hand: 144
                          ~ kot9pa-DE
                             o 
      lofrehal —-CO                         luckteng12-SB
                            bb 
                             BB 
|QH| |7H| 
State.BB_SB 
[<Location.Right: 3>] 
2023-09-29 20:01:31 - -I- Allin: (1179, 1320)
2023-09-29 20:01:31 - ********** AFH Red 12 - $0.10 / $0.25 **********
***** # Hand: 155
                         rackj4-CO
                            
     -Rockdom —-BB  bb                       o  -DE
                           sb 
                            SB 
|KD| |4D| 
State.SB_DE 
[<Location.Right: 3>] 
2023-09-29 20:01:31 - -I- Fold: (2000, 623)
2023-09-29 20:01:44 - ********** AFH Red 12 - $0.10 / $0.25 **********
***** # Hand: 156
                         7 rackj4. —-BB
                            bb 
     -Rockdom —-SB  sb                        -CO
                           o 
                            DE 
|AD| |8H| 
State.DE_CO 
[<Location.Right: 3>] 
2023-09-29 20:01:44 - -I- Fold: (1979, 623)
2023-09-29 20:01:45 - ********** AFH Red 09 - $0.10 / $0.25 **********
***** # Hand: 142
               7 00911-SB
                  sb 
     -XX                        bb  -gelatooo-BB
                 o 
                  DE 
|7H| |3D| 
State.DE 
[] 
2023-09-29 20:01:45 - -I- Fold: (1025, 619)
2023-09-29 20:01:49 - ********** AFH Red 16 - $0.10 / $0.25 **********
***** # Hand: 145
                          ~ kot9pa-CO
                             
     -lofrehal —-BB  bb                       o  luckteng12-DE
                            sb 
                             SB 
|8H| |3D| 
State.SB_DE 
[<Location.Right: 3>] 
2023-09-29 20:01:49 - -I- Fold: (1011, 1318)
2023-09-29 20:01:56 - ********** AFH Red 12 - $0.10 / $0.25 **********
***** # Hand: 157
                         7 rackj4. —-SB
                            sb 
     -Rockdom —-DE  o                       bb  -BB
                           
                            CO 
|AH| |7H| 
State.CO 
[] 
2023-09-29 20:01:56 - -I- Allin: (2168, 616)
2023-09-29 20:01:59 - ********** AFH Red 09 - $0.10 / $0.25 **********
***** # Hand: 143
               7 00911-DE
                  o 
     -CO                         -gelatooo-SB
                 bb 
                  BB 
|8C| |2D| 
State.BB_DE_SB 
[<Location.Top: 2>, <Location.Right: 3>] 
2023-09-29 20:01:59 - -I- Fold: (1042, 627)
2023-09-29 20:02:07 - ********** AFH Red 16 - $0.10 / $0.25 **********
***** # Hand: 146
                          7 kot9pa-BB
                             bb 
     -lofrehal —-SB  sb                        ~ luckteng12-CO
                            o 
                             DE 
|10S| |9S| 
State.DE 
[] 
2023-09-29 20:02:07 - -I- Allin: (1200, 1320)
2023-09-29 20:02:18 - ********** AFH Red 09 - $0.10 / $0.25 **********
***** # Hand: 144
               7 00911-BB
                  bb 
     -XX                        o   gelatooo-DE
                 sb 
                  SB 
|KH| |6S| 
State.SB 
[] 
2023-09-29 20:02:18 - -I- Allin: (1198, 622)
2023-09-29 20:02:25 - ********** AFH Red 16 - $0.10 / $0.25 **********
***** # Hand: 147
                          7 kot9pa-SB
                             sb 
     -lofrehal —-DE  o                       bb  luckteng12-BB
                            
                             CO 
|8C| |3H| 
State.CO 
[] 
2023-09-29 20:02:25 - -I- Fold: (1037, 1320)
2023-09-29 20:02:27 - ********** AFH Red 12 - $0.10 / $0.25 **********
***** # Hand: 158
                        7 rackj4. —-DE
                           o 
     ~ Rockdom-CO                         -SB
                          bb 
                           BB 
|7C| |5D| 
State.BB_DE_SB 
[<Location.Top: 2>, <Location.Right: 3>] 
2023-09-29 20:02:27 - -I- Fold: (1966, 617)
2023-09-29 20:02:34 - ********** AFH Red 09 - $0.10 / $0.25 **********
***** # Hand: 145
               7 00911-BB
                  bb 
     -XX                         -XX
                 sb o 
                  SB 
|8C| |2D| 
State.SB 
[] 
2023-09-29 20:02:34 - -I- Fold: (1011, 618)
2023-09-29 20:02:45 - ********** AFH Red 09 - $0.10 / $0.25 **********
***** # Hand: 146
               7 00911-SB
                  o 
     -XX                         -XX
                 bb 
                  BB 
|QH| |6C| 
State.BB_SB 
[<Location.Top: 2>] 
2023-09-29 20:02:45 - -I- Fold: (1029, 619)
2023-09-29 20:02:46 - ********** AFH Red 16 - $0.10 / $0.25 **********
***** # Hand: 148
                          ~ kot9pa-DE
                             o 
     -lofrehal —-CO                        sb  ~ luckteng12-SB
                            bb 
                             BB 
|7H| |2H| 
State.BB_CO 
[<Location.Left: 1>] 
2023-09-29 20:02:46 - -I- Fold: (1010, 1320)
2023-09-29 20:02:47 - ********** AFH Red 12 - $0.10 / $0.25 **********
***** # Hand: 159
                         rackj4-CO
                            
     -Rockdom —-BB  bb                       o  -DE
                           sb 
                            SB 
|10H| |6H| 
State.SB_DE 
[<Location.Right: 3>] 
2023-09-29 20:02:47 - -I- Fold: (2002, 622)
2023-09-29 20:02:55 - ********** AFH Red 09 - $0.10 / $0.25 **********
***** # Hand: 147
               7 00911-BB
                  bb 
     -XX                         -XX
                 sb o 
                  SB 
|9H| |4C| 
State.SB 
[] 
2023-09-29 20:02:55 - -I- Fold: (1006, 618)
2023-09-29 20:02:59 - ********** AFH Red 12 - $0.10 / $0.25 **********
***** # Hand: 160
                         7 rackj4. —-BB
                            bb 
     -Rockdom —-SB  sb                        -CO
                           o 
                            DE 
|AD| |10S| 
State.DE_CO 
[<Location.Right: 3>] 
2023-09-29 20:02:59 - -I- Allin: (2161, 625)
2023-09-29 20:02:59 - ********** AFH Red 16 - $0.10 / $0.25 **********
***** # Hand: 149
                          ~ kot9pa-CO
                             
     -lofrehal —-BB  bb                       o  ~ luckteng12-DE
                            sb 
                             SB 
|QS| |JS| 
State.SB 
[] 
2023-09-29 20:02:59 - -I- Allin: (1202, 1319)
2023-09-29 20:03:13 - ********** AFH Red 09 - $0.10 / $0.25 **********
***** # Hand: 149
               7 00911-BB
                  bb 
     -XX                         -XX
                 sb o 
                  SB 
|JD| |2H| 
State.SB 
[] 
2023-09-29 20:03:13 - -I- Fold: (1038, 621)
2023-09-29 20:03:14 - ********** AFH Red 16 - $0.10 / $0.25 **********
***** # Hand: 150
                          7 kot9pa-BB
                             bb 
     -lofrehal —-SB  sb                        ~ luckteng12-CO
                            o 
                             DE 
|9C| |2C| 
State.DE 
[] 
2023-09-29 20:03:14 - -I- Fold: (1022, 1320)
2023-09-29 20:03:19 - ********** AFH Red 12 - $0.10 / $0.25 **********
***** # Hand: 161
                         7 rackj4. —-SB
                            sb 
     -Rockdom —-DE  o                       bb  -BB
                           
                            CO 
|10C| |6C| 
State.CO 
[] 
2023-09-29 20:03:19 - -I- Fold: (2001, 621)
2023-09-29 20:03:24 - ********** AFH Red 16 - $0.10 / $0.25 **********
***** # Hand: 151
                          7 kot9pa-SB
                             sb 
     -lofrehal —-DE  o                       bb  luckteng12-BB
                            
                             CO 
|JH| |8H| 
State.CO 
[] 
2023-09-29 20:03:24 - -I- Allin: (1202, 1320)
2023-09-29 20:03:39 - ********** AFH Red 12 - $0.10 / $0.25 **********
***** # Hand: 162
                        rackj4-DE
                           o 
     ~ Rockdom-CO                         -SB
                          bb 
                           BB 
|QH| |5C| 
State.BB_SB 
[<Location.Right: 3>] 
2023-09-29 20:03:39 - -I- Fold: (1990, 623)
2023-09-29 20:03:52 - ********** AFH Red 12 - $0.10 / $0.25 **********
***** # Hand: 163
                         rackj4-CO
                            
     -Rockdom —-BB  bb                       o  muniani3muniano-DE
                           sb 
                            SB 
|JH| |5S| 
State.SB 
[] 
2023-09-29 20:03:52 - -I- Fold: (1980, 628)
2023-09-29 20:03:52 - ********** AFH Red 16 - $0.10 / $0.25 **********
***** # Hand: 152
                          ~ kot9pa-DE
                             o 
     -lofrehal —-CO                         luckteng12-SB
                            bb 
                             BB 
|JH| |6D| 
State.BB_CO_SB 
[<Location.Right: 3>, <Location.Left: 1>] 
2023-09-29 20:03:52 - -I- Fold: (1013, 1315)
2023-09-29 20:04:06 - ********** AFH Red 12 - $0.10 / $0.25 **********
***** # Hand: 164
                         7 rackj4. —-BB
                            bb 
     -Rockdom —-SB  sb                        -CO
                           o 
                            DE 
|8H| |6H| 
State.DE_CO 
[<Location.Right: 3>] 
2023-09-29 20:04:06 - -I- Fold: (1973, 618)
2023-09-29 20:04:17 - ********** AFH Red 12 - $0.10 / $0.25 **********
***** # Hand: 165
                         7 rackj4. —-SB
                            sb 
     -Rockdom —-DE  o                       bb  -BB
                           
                            CO 
|8S| |5D| 
State.CO 
[] 
2023-09-29 20:04:17 - -I- Fold: (1980, 629)
2023-09-29 20:04:19 - ********** AFH Red 16 - $0.10 / $0.25 **********
***** # Hand: 153
                          ~ kot9pa-CO
                             
     -lofrehal —-BB  bb                       o  ~ luckteng12-DE
                            sb 
                             SB 
|3H| |2C| 
State.SB 
[] 
2023-09-29 20:04:19 - -I- Fold: (1029, 1321)
2023-09-29 20:04:23 - ********** AFH Red 09 - $0.10 / $0.25 **********
***** # Hand: 153
                 ‘SKpokerTV-BB
                    bb 
     Li-XX                        o  AAANaster27-DE
                   sb 
                    SB 
|8S| |4D| 
State.SB_DE 
[<Location.Right: 3>] 
2023-09-29 20:04:23 - -I- Fold: (1037, 612)
2023-09-29 20:04:33 - ********** AFH Red 16 - $0.10 / $0.25 **********
***** # Hand: 154
                          7 kot9pa-BB
                             bb 
     -lofrehal —-SB  sb                        ~ luckteng12-CO
                            o 
                             DE 
|KS| |JC| 
State.DE 
[] 
2023-09-29 20:04:33 - -I- Allin: (1194, 1313)
2023-09-29 20:04:33 - ********** AFH Red 12 - $0.10 / $0.25 **********
***** # Hand: 166
                         rackj4-DE
                            o 
     -Rockdom —-CO                        sb  muniani3muniano-SB
                           bb 
                            BB 
|JC| |7D| 
State.BB_CO 
[<Location.Left: 1>] 
2023-09-29 20:04:33 - -I- Fold: (1962, 622)
2023-09-29 20:04:34 - ********** AFH Red 09 - $0.10 / $0.25 **********
***** # Hand: 154
                 ‘SKpokerTV-SB
                    sb 
     Li-XX                        bb  AAANaster27-BB
                   o 
                    DE 
|AC| |2D| 
State.DE 
[] 
2023-09-29 20:04:34 - -I- Allin: (1197, 614)
2023-09-29 20:04:51 - ********** AFH Red 12 - $0.10 / $0.25 **********
***** # Hand: 167
                         rackj4-CO
                            
     -Rockdom —-BB  bb                       o  -DE
                           sb 
                            SB 
|AS| |7S| 
State.SB_DE 
[<Location.Right: 3>] 
2023-09-29 20:04:51 - -I- Allin: (2143, 624)
2023-09-29 20:04:52 - ********** AFH Red 16 - $0.10 / $0.25 **********
***** # Hand: 155
                          7 kot9pa-SB
                             sb 
     -lofrehal —-DE  o                       bb  luckteng12-BB
                            
                             CO 
|8C| |6S| 
State.CO 
[] 
2023-09-29 20:04:52 - -I- Fold: (1029, 1320)
2023-09-29 20:04:52 - ********** AFH Red 09 - $0.10 / $0.25 **********
***** # Hand: 155
                 ~ SKpokerTV |-DE
                    o 
     Li-CO                         AAANaster27-SB
                   bb 
                    BB 
|QH| |10D| 
State.BB_SB 
[<Location.Right: 3>] 
2023-09-29 20:04:52 - -I- Allin: (1218, 618)
